contrast_id	contrast_label	direction	gene_rank	gene_id	gene_symbol	mean_group_a	mean_group_b	delta_log2CPM	z_effect	rank_score	marker_panel_gene	mean_max	low_interpretability_symbol	housekeeping_or_technical	interpretation_boundary	n_group_a	n_group_b	abs_z_effect
Decidua_vs_Villi_all	Decidua versus villi across conditions	down_in_group_a	1	ENSG00000129757	CDKN1C	8.95622253720786	11.2713875807668	-2.31516504355895	-1.44612227102696	5.23095177945621	FALSE	11.2713875807668	FALSE	FALSE	Exploratory pseudobulk programme candidate; not a standalone biomarker claim	8	8	1.44612227102696
Decidua_vs_Villi_all	Decidua versus villi across conditions	down_in_group_a	2	ENSG00000135046	ANXA1	8.63246681030276	9.66866439296511	-1.03619758266235	-1.53114552948974	5.22933307347144	FALSE	9.66866439296511	FALSE	FALSE	Exploratory pseudobulk programme candidate; not a standalone biomarker claim	8	8	1.53114552948974
Decidua_vs_Villi_all	Decidua versus villi across conditions	down_in_group_a	3	ENSG00000003436	TFPI	7.6505006492131	9.7893402970014	-2.13883964778831	-1.50079395434609	5.15002660741055	FALSE	9.7893402970014	FALSE	FALSE	Exploratory pseudobulk programme candidate; not a standalone biomarker claim	8	8	1.50079395434609
Decidua_vs_Villi_all	Decidua versus villi across conditions	down_in_group_a	4	ENSG00000096696	DSP	4.6999044171753	8.60247155794123	-3.90256714076593	-1.5163819413371	4.9485696004924	FALSE	8.60247155794123	FALSE	FALSE	Exploratory pseudobulk programme candidate; not a standalone biomarker claim	8	8	1.5163819413371
Decidua_vs_Villi_all	Decidua versus villi across conditions	down_in_group_a	5	ENSG00000163191	S100A11	10.3179111514994	11.6495151010473	-1.33160394954784	-1.34497576112594	4.9239699499155	FALSE	11.6495151010473	FALSE	FALSE	Exploratory pseudobulk programme candidate; not a standalone biomarker claim	8	8	1.34497576112594
Decidua_vs_Villi_all	Decidua versus villi across conditions	down_in_group_a	6	ENSG00000143198	MGST3	7.66585345379066	9.15202447787228	-1.48617102408163	-1.46800422247893	4.90855918272457	FALSE	9.15202447787228	FALSE	FALSE	Exploratory pseudobulk programme candidate; not a standalone biomarker claim	8	8	1.46800422247893
Decidua_vs_Villi_all	Decidua versus villi across conditions	down_in_group_a	7	ENSG00000092820	EZR	6.84857202898531	8.87907523118492	-2.0305032021996	-1.47981415783597	4.88986238630376	FALSE	8.87907523118492	FALSE	FALSE	Exploratory pseudobulk programme candidate; not a standalone biomarker claim	8	8	1.47981415783597
Decidua_vs_Villi_all	Decidua versus villi across conditions	down_in_group_a	8	ENSG00000111057	KRT18	6.76811720035424	10.4833589606717	-3.71524176031742	-1.37506451231195	4.84225227388643	TRUE	10.4833589606717	FALSE	FALSE	Exploratory pseudobulk programme candidate; not a standalone biomarker claim	8	8	1.37506451231195
Decidua_vs_Villi_all	Decidua versus villi across conditions	down_in_group_a	9	ENSG00000116017	ARID3A	5.28481669205358	8.41136525483415	-3.12654856278057	-1.49676042289382	4.84112793169618	FALSE	8.41136525483415	FALSE	FALSE	Exploratory pseudobulk programme candidate; not a standalone biomarker claim	8	8	1.49676042289382
Decidua_vs_Villi_all	Decidua versus villi across conditions	down_in_group_a	10	ENSG00000171345	KRT19	7.06988007272051	10.5588219790064	-3.48894190628593	-1.36582942753727	4.82263781245995	FALSE	10.5588219790064	FALSE	FALSE	Exploratory pseudobulk programme candidate; not a standalone biomarker claim	8	8	1.36582942753727
Decidua_vs_Villi_all	Decidua versus villi across conditions	down_in_group_a	11	ENSG00000130600	H19	8.40437717341055	11.1355459079299	-2.73116873451932	-1.3363234722464	4.81232412766276	FALSE	11.1355459079299	FALSE	FALSE	Exploratory pseudobulk programme candidate; not a standalone biomarker claim	8	8	1.3363234722464
Decidua_vs_Villi_all	Decidua versus villi across conditions	down_in_group_a	12	ENSG00000160932	LY6E	8.37936239908981	9.77503768867724	-1.39567528958743	-1.39965763422991	4.80029522977185	FALSE	9.77503768867724	FALSE	FALSE	Exploratory pseudobulk programme candidate; not a standalone biomarker claim	8	8	1.39965763422991
Decidua_vs_Villi_all	Decidua versus villi across conditions	down_in_group_a	13	ENSG00000117394	SLC2A1	6.6098570196737	7.73516466178534	-1.12530764211164	-1.53039212538667	4.78528350658304	FALSE	7.73516466178534	FALSE	FALSE	Exploratory pseudobulk programme candidate; not a standalone biomarker claim	8	8	1.53039212538667
Decidua_vs_Villi_all	Decidua versus villi across conditions	down_in_group_a	14	ENSG00000017797	RALBP1	7.06008878995085	8.70850522224755	-1.64841643229669	-1.45656111743323	4.77642686023094	FALSE	8.70850522224755	FALSE	FALSE	Exploratory pseudobulk programme candidate; not a standalone biomarker claim	8	8	1.45656111743323
Decidua_vs_Villi_all	Decidua versus villi across conditions	down_in_group_a	15	ENSG00000170421	KRT8	6.15959016910896	10.2416850006636	-4.08209483155465	-1.3664111373031	4.7698494015487	FALSE	10.2416850006636	FALSE	FALSE	Exploratory pseudobulk programme candidate; not a standalone biomarker claim	8	8	1.3664111373031
Decidua_vs_Villi_all	Decidua versus villi across conditions	down_in_group_a	16	ENSG00000051620	HEBP2	7.04651124947746	7.85250825496195	-0.805997005484493	-1.51189048417475	4.75653791506589	FALSE	7.85250825496195	FALSE	FALSE	Exploratory pseudobulk programme candidate; not a standalone biomarker claim	8	8	1.51189048417475
Decidua_vs_Villi_all	Decidua versus villi across conditions	down_in_group_a	17	ENSG00000133466	C1QTNF6	5.27864240224771	6.9524535725428	-1.6738111702951	-1.58796421218234	4.75023621442814	FALSE	6.9524535725428	FALSE	FALSE	Exploratory pseudobulk programme candidate; not a standalone biomarker claim	8	8	1.58796421218234
Decidua_vs_Villi_all	Decidua versus villi across conditions	down_in_group_a	18	ENSG00000148926	ADM	5.2138607866817	7.56731787288004	-2.35345708619834	-1.51631753345516	4.69883091101655	FALSE	7.56731787288004	FALSE	FALSE	Exploratory pseudobulk programme candidate; not a standalone biomarker claim	8	8	1.51631753345516
Decidua_vs_Villi_all	Decidua versus villi across conditions	down_in_group_a	19	ENSG00000156261	CCT8	6.81869265408673	7.17507756525796	-0.356384911171224	-1.54913445280012	4.69578657469856	FALSE	7.17507756525796	FALSE	FALSE	Exploratory pseudobulk programme candidate; not a standalone biomarker claim	8	8	1.54913445280012
Decidua_vs_Villi_all	Decidua versus villi across conditions	down_in_group_a	20	ENSG00000169583	CLIC3	5.99722813911939	8.74047229629623	-2.74324415717684	-1.42874504387662	4.69198690471397	FALSE	8.74047229629623	FALSE	FALSE	Exploratory pseudobulk programme candidate; not a standalone biomarker claim	8	8	1.42874504387662
Decidua_vs_Villi_all	Decidua versus villi across conditions	down_in_group_a	21	ENSG00000070404	FSTL3	5.69674034765569	9.84699692383462	-4.15025657617894	-1.36409747512502	4.6914364629595	FALSE	9.84699692383462	FALSE	FALSE	Exploratory pseudobulk programme candidate; not a standalone biomarker claim	8	8	1.36409747512502
Decidua_vs_Villi_all	Decidua versus villi across conditions	down_in_group_a	22	ENSG00000134755	DSC2	4.16056254227772	7.4640089054628	-3.30344636318508	-1.5196085647414	4.68243239543056	FALSE	7.4640089054628	FALSE	FALSE	Exploratory pseudobulk programme candidate; not a standalone biomarker claim	8	8	1.5196085647414
Decidua_vs_Villi_all	Decidua versus villi across conditions	down_in_group_a	23	ENSG00000130656	HBZ	1.08598099179284	9.58363112080592	-8.49765012901309	-1.37424131176855	4.67759142658991	FALSE	9.58363112080592	FALSE	FALSE	Exploratory pseudobulk programme candidate; not a standalone biomarker claim	8	8	1.37424131176855
Decidua_vs_Villi_all	Decidua versus villi across conditions	down_in_group_a	24	ENSG00000112378	PERP	5.79053506180249	8.10233658568648	-2.31180152388399	-1.46765809103692	4.67630641788927	FALSE	8.10233658568648	FALSE	FALSE	Exploratory pseudobulk programme candidate; not a standalone biomarker claim	8	8	1.46765809103692
Decidua_vs_Villi_all	Decidua versus villi across conditions	down_in_group_a	25	ENSG00000102898	NUTF2	6.28933026626616	6.88505674138791	-0.595726475121745	-1.5633366668638	4.65736930815983	FALSE	6.88505674138791	FALSE	FALSE	Exploratory pseudobulk programme candidate; not a standalone biomarker claim	8	8	1.5633366668638
Decidua_vs_Villi_all	Decidua versus villi across conditions	down_in_group_a	26	ENSG00000135480	KRT7	6.36056742566073	10.0129910550916	-3.65242362943087	-1.34329821656973	4.64933572510258	TRUE	10.0129910550916	FALSE	FALSE	Exploratory pseudobulk programme candidate; not a standalone biomarker claim	8	8	1.34329821656973
Decidua_vs_Villi_all	Decidua versus villi across conditions	down_in_group_a	27	ENSG00000206538	VGLL3	5.71760960198699	7.90183062878872	-2.18422102680172	-1.4740021884454	4.64915332653253	FALSE	7.90183062878872	FALSE	FALSE	Exploratory pseudobulk programme candidate; not a standalone biomarker claim	8	8	1.4740021884454
Decidua_vs_Villi_all	Decidua versus villi across conditions	down_in_group_a	28	ENSG00000137710	RDX	6.43526630077374	7.11745095348236	-0.682184652708618	-1.53334932121643	4.63228933583704	FALSE	7.11745095348236	FALSE	FALSE	Exploratory pseudobulk programme candidate; not a standalone biomarker claim	8	8	1.53334932121643
Decidua_vs_Villi_all	Decidua versus villi across conditions	down_in_group_a	29	ENSG00000167642	SPINT2	5.97102145135452	7.62981971876012	-1.65879826740559	-1.48695231605977	4.62342607104941	FALSE	7.62981971876012	FALSE	FALSE	Exploratory pseudobulk programme candidate; not a standalone biomarker claim	8	8	1.48695231605977
Decidua_vs_Villi_all	Decidua versus villi across conditions	down_in_group_a	30	ENSG00000141429	GALNT1	6.24153721153931	7.47310351375783	-1.23156630221852	-1.49742299306624	4.61639111113702	FALSE	7.47310351375783	FALSE	FALSE	Exploratory pseudobulk programme candidate; not a standalone biomarker claim	8	8	1.49742299306624
Decidua_vs_Villi_all	Decidua versus villi across conditions	down_in_group_a	31	ENSG00000179218	CALR	9.2133922811195	10.0603415999899	-0.846949318870445	-1.33072033757677	4.61403861561178	FALSE	10.0603415999899	FALSE	FALSE	Exploratory pseudobulk programme candidate; not a standalone biomarker claim	8	8	1.33072033757677
Decidua_vs_Villi_all	Decidua versus villi across conditions	down_in_group_a	32	ENSG00000134057	CCNB1	3.9273524523956	7.14288882823264	-3.21553637583704	-1.52264204386559	4.60681548421737	FALSE	7.14288882823264	FALSE	FALSE	Exploratory pseudobulk programme candidate; not a standalone biomarker claim	8	8	1.52264204386559
Decidua_vs_Villi_all	Decidua versus villi across conditions	down_in_group_a	33	ENSG00000102755	FLT1	5.77350661097919	9.54179176620095	-3.76828515522177	-1.35401995442923	4.60102506153197	FALSE	9.54179176620095	FALSE	FALSE	Exploratory pseudobulk programme candidate; not a standalone biomarker claim	8	8	1.35401995442923
Decidua_vs_Villi_all	Decidua versus villi across conditions	down_in_group_a	34	ENSG00000008018	PSMB1	7.96415803935278	8.43114148960536	-0.466983450252584	-1.42114529818483	4.6008618288274	FALSE	8.43114148960536	FALSE	FALSE	Exploratory pseudobulk programme candidate; not a standalone biomarker claim	8	8	1.42114529818483
Decidua_vs_Villi_all	Decidua versus villi across conditions	down_in_group_a	35	ENSG00000141526	SLC16A3	6.64744412212538	8.47308434490261	-1.82564022277723	-1.41729921548271	4.59748370901091	FALSE	8.47308434490261	FALSE	FALSE	Exploratory pseudobulk programme candidate; not a standalone biomarker claim	8	8	1.41729921548271
Decidua_vs_Villi_all	Decidua versus villi across conditions	down_in_group_a	36	ENSG00000107485	GATA3	5.81623459946612	7.87023291732938	-2.05399831786326	-1.45988548850119	4.59713850862455	FALSE	7.87023291732938	FALSE	FALSE	Exploratory pseudobulk programme candidate; not a standalone biomarker claim	8	8	1.45988548850119
Decidua_vs_Villi_all	Decidua versus villi across conditions	down_in_group_a	37	ENSG00000198162	MAN1A2	6.09825472482188	7.75366422315303	-1.65540949833116	-1.46762298929546	4.59349418189809	FALSE	7.75366422315303	FALSE	FALSE	Exploratory pseudobulk programme candidate; not a standalone biomarker claim	8	8	1.46762298929546
Decidua_vs_Villi_all	Decidua versus villi across conditions	down_in_group_a	38	ENSG00000164032	H2AFZ	8.30901817708309	8.82415349592475	-0.515135318841667	-1.39315334993568	4.59229750361583	FALSE	8.82415349592475	FALSE	FALSE	Exploratory pseudobulk programme candidate; not a standalone biomarker claim	8	8	1.39315334993568
Decidua_vs_Villi_all	Decidua versus villi across conditions	down_in_group_a	39	ENSG00000136068	FLNB	5.08989737144007	7.31120525403179	-2.22130788259172	-1.50037219873091	4.58372364668106	FALSE	7.31120525403179	FALSE	FALSE	Exploratory pseudobulk programme candidate; not a standalone biomarker claim	8	8	1.50037219873091
Decidua_vs_Villi_all	Decidua versus villi across conditions	down_in_group_a	40	ENSG00000116260	QSOX1	6.26677513856433	9.20543982745444	-2.93866468889011	-1.3635044169194	4.56946661358035	FALSE	9.20543982745444	FALSE	FALSE	Exploratory pseudobulk programme candidate; not a standalone biomarker claim	8	8	1.3635044169194
Decidua_vs_Villi_all	Decidua versus villi across conditions	down_in_group_a	41	ENSG00000173801	JUP	4.56447947347461	6.29235863686645	-1.72787916339184	-1.59306964749266	4.56635176132272	FALSE	6.29235863686645	FALSE	FALSE	Exploratory pseudobulk programme candidate; not a standalone biomarker claim	8	8	1.59306964749266
Decidua_vs_Villi_all	Decidua versus villi across conditions	down_in_group_a	42	ENSG00000213931	HBE1	0.531443713075987	8.22950719547527	-7.69806348239928	-1.4227045428764	4.56155158795565	FALSE	8.22950719547527	FALSE	FALSE	Exploratory pseudobulk programme candidate; not a standalone biomarker claim	8	8	1.4227045428764
Decidua_vs_Villi_all	Decidua versus villi across conditions	down_in_group_a	43	ENSG00000135346	CGA	6.01213344538073	11.5154388538748	-5.50330540849406	-1.25074017453447	4.5597446262801	TRUE	11.5154388538748	FALSE	FALSE	Exploratory pseudobulk programme candidate; not a standalone biomarker claim	8	8	1.25074017453447
Decidua_vs_Villi_all	Decidua versus villi across conditions	down_in_group_a	44	ENSG00000205358	MT1H	3.71948565970578	7.14414964390216	-3.42466398419638	-1.50626105493681	4.55759058054981	FALSE	7.14414964390216	FALSE	FALSE	Exploratory pseudobulk programme candidate; not a standalone biomarker claim	8	8	1.50626105493681
Decidua_vs_Villi_all	Decidua versus villi across conditions	down_in_group_a	45	ENSG00000196565	HBG2	1.19003998160825	9.00962367351082	-7.81958369190256	-1.37014117865915	4.55341186815897	FALSE	9.00962367351082	FALSE	FALSE	Exploratory pseudobulk programme candidate; not a standalone biomarker claim	8	8	1.37014117865915
Decidua_vs_Villi_all	Decidua versus villi across conditions	down_in_group_a	46	ENSG00000099797	TECR	5.99148093282812	7.62270507219518	-1.63122413936706	-1.46305177673023	4.54737053270666	FALSE	7.62270507219518	FALSE	FALSE	Exploratory pseudobulk programme candidate; not a standalone biomarker claim	8	8	1.46305177673023
Decidua_vs_Villi_all	Decidua versus villi across conditions	down_in_group_a	47	ENSG00000085662	AKR1B1	6.0751595547748	7.5120591503525	-1.4368995955777	-1.47156490919862	4.54641181873523	FALSE	7.5120591503525	FALSE	FALSE	Exploratory pseudobulk programme candidate; not a standalone biomarker claim	8	8	1.47156490919862
Decidua_vs_Villi_all	Decidua versus villi across conditions	down_in_group_a	48	ENSG00000204272	NBDY	6.15251583657863	6.72028419550691	-0.567768358928287	-1.54133364648633	4.54485955467317	FALSE	6.72028419550691	FALSE	FALSE	Exploratory pseudobulk programme candidate; not a standalone biomarker claim	8	8	1.54133364648633
Decidua_vs_Villi_all	Decidua versus villi across conditions	down_in_group_a	49	ENSG00000189159	JPT1	7.72186501025754	9.23660908852506	-1.51474407826752	-1.35208018189842	4.53712948449627	FALSE	9.23660908852506	FALSE	FALSE	Exploratory pseudobulk programme candidate; not a standalone biomarker claim	8	8	1.35208018189842
Decidua_vs_Villi_all	Decidua versus villi across conditions	down_in_group_a	50	ENSG00000140416	TPM1	8.85150962564315	10.4225588676535	-1.57104924201038	-1.29094000372864	4.53612302285226	FALSE	10.4225588676535	FALSE	FALSE	Exploratory pseudobulk programme candidate; not a standalone biomarker claim	8	8	1.29094000372864
Decidua_vs_Villi_all	Decidua versus villi across conditions	up_in_group_a	1	ENSG00000115523	GNLY	12.5053526762615	4.34268792699155	8.16266474926992	1.50840439366437	5.66475147351113	TRUE	12.5053526762615	FALSE	FALSE	Exploratory pseudobulk programme candidate; not a standalone biomarker claim	8	8	1.50840439366437
Decidua_vs_Villi_all	Decidua versus villi across conditions	up_in_group_a	2	ENSG00000101439	CST3	11.1473906174779	8.83343320505311	2.31395741242474	1.50020909550568	5.40461508688548	FALSE	11.1473906174779	FALSE	FALSE	Exploratory pseudobulk programme candidate; not a standalone biomarker claim	8	8	1.50020909550568
Decidua_vs_Villi_all	Decidua versus villi across conditions	up_in_group_a	3	ENSG00000197766	CFD	10.2744147282342	6.30972228259329	3.96469244564095	1.5205182720955	5.31418192047101	FALSE	10.2744147282342	FALSE	FALSE	Exploratory pseudobulk programme candidate; not a standalone biomarker claim	8	8	1.5205182720955
Decidua_vs_Villi_all	Decidua versus villi across conditions	up_in_group_a	4	ENSG00000115457	IGFBP2	10.1270050662355	4.82525067334768	5.30175439288783	1.49683364880813	5.20298392222777	FALSE	10.1270050662355	FALSE	FALSE	Exploratory pseudobulk programme candidate; not a standalone biomarker claim	8	8	1.49683364880813
Decidua_vs_Villi_all	Decidua versus villi across conditions	up_in_group_a	5	ENSG00000105374	NKG7	10.1307925281116	3.60127264976839	6.52951987834318	1.49129278961723	5.18445613853847	TRUE	10.1307925281116	FALSE	FALSE	Exploratory pseudobulk programme candidate; not a standalone biomarker claim	8	8	1.49129278961723
Decidua_vs_Villi_all	Decidua versus villi across conditions	up_in_group_a	6	ENSG00000163453	IGFBP7	10.4410774638762	4.6768096378991	5.76426782597708	1.47382669999714	5.18219725340508	FALSE	10.4410774638762	FALSE	FALSE	Exploratory pseudobulk programme candidate; not a standalone biomarker claim	8	8	1.47382669999714
Decidua_vs_Villi_all	Decidua versus villi across conditions	up_in_group_a	7	ENSG00000011465	DCN	11.2165892153581	5.70512400778141	5.51146520757666	1.43264061493664	5.17293524616637	TRUE	11.2165892153581	FALSE	FALSE	Exploratory pseudobulk programme candidate; not a standalone biomarker claim	8	8	1.43264061493664
Decidua_vs_Villi_all	Decidua versus villi across conditions	up_in_group_a	8	ENSG00000146278	PNRC1	9.12450219198883	6.99386285708591	2.13063933490292	1.54479792904545	5.15928378968424	FALSE	9.12450219198883	FALSE	FALSE	Exploratory pseudobulk programme candidate; not a standalone biomarker claim	8	8	1.54479792904545
Decidua_vs_Villi_all	Decidua versus villi across conditions	up_in_group_a	9	ENSG00000100097	LGALS1	11.4418157509724	10.0344211268101	1.4073946241623	1.40907965672604	5.12499904620919	FALSE	11.4418157509724	FALSE	FALSE	Exploratory pseudobulk programme candidate; not a standalone biomarker claim	8	8	1.40907965672604
Decidua_vs_Villi_all	Decidua versus villi across conditions	up_in_group_a	10	ENSG00000185201	IFITM2	9.36245689356548	4.92602459856471	4.43643229500077	1.51423298536175	5.10795333970492	FALSE	9.36245689356548	FALSE	FALSE	Exploratory pseudobulk programme candidate; not a standalone biomarker claim	8	8	1.51423298536175
Decidua_vs_Villi_all	Decidua versus villi across conditions	up_in_group_a	11	ENSG00000173812	EIF1	10.7265683547231	10.0902194122578	0.636348942465315	1.4344737726466	5.09483338263062	FALSE	10.7265683547231	FALSE	FALSE	Exploratory pseudobulk programme candidate; not a standalone biomarker claim	8	8	1.4344737726466
Decidua_vs_Villi_all	Decidua versus villi across conditions	up_in_group_a	12	ENSG00000139329	LUM	10.9790574077459	5.30624030596155	5.67281710178438	1.41702025801036	5.07639357666558	FALSE	10.9790574077459	FALSE	FALSE	Exploratory pseudobulk programme candidate; not a standalone biomarker claim	8	8	1.41702025801036
Decidua_vs_Villi_all	Decidua versus villi across conditions	up_in_group_a	13	ENSG00000177606	JUN	9.56078802462735	6.25428355185434	3.30650447277302	1.49211461418653	5.074152974427	FALSE	9.56078802462735	FALSE	FALSE	Exploratory pseudobulk programme candidate; not a standalone biomarker claim	8	8	1.49211461418653
Decidua_vs_Villi_all	Decidua versus villi across conditions	up_in_group_a	14	ENSG00000112096	SOD2	9.02741342508932	6.80572813564841	2.22168528944091	1.51628272132658	5.04297074589081	FALSE	9.02741342508932	FALSE	FALSE	Exploratory pseudobulk programme candidate; not a standalone biomarker claim	8	8	1.51628272132658
Decidua_vs_Villi_all	Decidua versus villi across conditions	up_in_group_a	15	ENSG00000182196	ARL6IP4	7.77485949468861	7.37847418665355	0.396385308035056	1.60812905263589	5.03887301830943	FALSE	7.77485949468861	FALSE	FALSE	Exploratory pseudobulk programme candidate; not a standalone biomarker claim	8	8	1.60812905263589
Decidua_vs_Villi_all	Decidua versus villi across conditions	up_in_group_a	16	ENSG00000275302	CCL4	10.0134582800855	5.12511730067787	4.88834097940765	1.45034600190769	5.01993127028805	FALSE	10.0134582800855	FALSE	FALSE	Exploratory pseudobulk programme candidate; not a standalone biomarker claim	8	8	1.45034600190769
Decidua_vs_Villi_all	Decidua versus villi across conditions	up_in_group_a	17	ENSG00000146678	IGFBP1	10.4180156359283	3.41881388941792	6.9992017465104	1.40826159345109	4.94756101405256	TRUE	10.4180156359283	FALSE	FALSE	Exploratory pseudobulk programme candidate; not a standalone biomarker claim	8	8	1.40826159345109
Decidua_vs_Villi_all	Decidua versus villi across conditions	up_in_group_a	18	ENSG00000132475	H3F3B	10.2157963899094	9.44849207403756	0.767304315871813	1.40826532607358	4.91126921811018	FALSE	10.2157963899094	FALSE	FALSE	Exploratory pseudobulk programme candidate; not a standalone biomarker claim	8	8	1.40826532607358
Decidua_vs_Villi_all	Decidua versus villi across conditions	up_in_group_a	19	ENSG00000114115	RBP1	9.44580661782356	4.06969274407588	5.37611387374768	1.44866529773566	4.90351762383468	FALSE	9.44580661782356	FALSE	FALSE	Exploratory pseudobulk programme candidate; not a standalone biomarker claim	8	8	1.44866529773566
Decidua_vs_Villi_all	Decidua versus villi across conditions	up_in_group_a	20	ENSG00000187479	C11orf96	8.95461772556408	3.12553528866145	5.82908243690264	1.47828056366307	4.90104099363389	FALSE	8.95461772556408	FALSE	FALSE	Exploratory pseudobulk programme candidate; not a standalone biomarker claim	8	8	1.47828056366307
Decidua_vs_Villi_all	Decidua versus villi across conditions	up_in_group_a	21	ENSG00000250722	SELENOP	9.11649710563305	5.32164333720067	3.79485376843239	1.46689267656859	4.89742352932316	FALSE	9.11649710563305	FALSE	FALSE	Exploratory pseudobulk programme candidate; not a standalone biomarker claim	8	8	1.46689267656859
Decidua_vs_Villi_all	Decidua versus villi across conditions	up_in_group_a	22	ENSG00000145649	GZMA	8.47781661344547	2.33671365256732	6.14110296087815	1.50901125576497	4.89606963240129	FALSE	8.47781661344547	FALSE	FALSE	Exploratory pseudobulk programme candidate; not a standalone biomarker claim	8	8	1.50901125576497
Decidua_vs_Villi_all	Decidua versus villi across conditions	up_in_group_a	23	ENSG00000008517	IL32	8.14270461321141	4.4275283706953	3.71517624251611	1.52331400000161	4.86336428025926	FALSE	8.14270461321141	FALSE	FALSE	Exploratory pseudobulk programme candidate; not a standalone biomarker claim	8	8	1.52331400000161
Decidua_vs_Villi_all	Decidua versus villi across conditions	up_in_group_a	24	ENSG00000170776	AKAP13	8.22217098605959	6.3487735456608	1.87339744039878	1.50834728159459	4.83441354777443	FALSE	8.22217098605959	FALSE	FALSE	Exploratory pseudobulk programme candidate; not a standalone biomarker claim	8	8	1.50834728159459
Decidua_vs_Villi_all	Decidua versus villi across conditions	up_in_group_a	25	ENSG00000152518	ZFP36L2	9.27067857160434	6.39623998558114	2.8744385860232	1.43842933579851	4.83378366587467	FALSE	9.27067857160434	FALSE	FALSE	Exploratory pseudobulk programme candidate; not a standalone biomarker claim	8	8	1.43842933579851
Decidua_vs_Villi_all	Decidua versus villi across conditions	up_in_group_a	26	ENSG00000171223	JUNB	9.42615065553416	6.54445518921301	2.88169546632115	1.42585691664683	4.82244016458477	FALSE	9.42615065553416	FALSE	FALSE	Exploratory pseudobulk programme candidate; not a standalone biomarker claim	8	8	1.42585691664683
Decidua_vs_Villi_all	Decidua versus villi across conditions	up_in_group_a	27	ENSG00000038427	VCAN	9.5759196908802	5.5942418849302	3.98167780595001	1.41350647908466	4.80975435827506	FALSE	9.5759196908802	FALSE	FALSE	Exploratory pseudobulk programme candidate; not a standalone biomarker claim	8	8	1.41350647908466
Decidua_vs_Villi_all	Decidua versus villi across conditions	up_in_group_a	28	ENSG00000147649	MTDH	8.4080893030166	7.20775418037942	1.20033512263718	1.4782371551874	4.78047372975768	FALSE	8.4080893030166	FALSE	FALSE	Exploratory pseudobulk programme candidate; not a standalone biomarker claim	8	8	1.4782371551874
Decidua_vs_Villi_all	Decidua versus villi across conditions	up_in_group_a	29	ENSG00000141753	IGFBP4	8.98950459514309	4.09524390221079	4.8942606929323	1.43932515682123	4.77915415320433	FALSE	8.98950459514309	FALSE	FALSE	Exploratory pseudobulk programme candidate; not a standalone biomarker claim	8	8	1.43932515682123
Decidua_vs_Villi_all	Decidua versus villi across conditions	up_in_group_a	30	ENSG00000067082	KLF6	8.86773734689196	7.70689500790427	1.16084233898769	1.44491298319131	4.77214201868299	FALSE	8.86773734689196	FALSE	FALSE	Exploratory pseudobulk programme candidate; not a standalone biomarker claim	8	8	1.44491298319131
Decidua_vs_Villi_all	Decidua versus villi across conditions	up_in_group_a	31	ENSG00000062716	VMP1	7.40149552844205	6.47698902705155	0.924506501390506	1.55080181178276	4.76196363006435	FALSE	7.40149552844205	FALSE	FALSE	Exploratory pseudobulk programme candidate; not a standalone biomarker claim	8	8	1.55080181178276
Decidua_vs_Villi_all	Decidua versus villi across conditions	up_in_group_a	32	ENSG00000189058	APOD	9.06037212473264	3.21143254280119	5.84893958193145	1.42529141862321	4.74709236755985	FALSE	9.06037212473264	FALSE	FALSE	Exploratory pseudobulk programme candidate; not a standalone biomarker claim	8	8	1.42529141862321
Decidua_vs_Villi_all	Decidua versus villi across conditions	up_in_group_a	33	ENSG00000108654	DDX5	9.35936125460622	8.48200746299017	0.877353791616049	1.40645024442598	4.74376419591504	FALSE	9.35936125460622	FALSE	FALSE	Exploratory pseudobulk programme candidate; not a standalone biomarker claim	8	8	1.40645024442598
Decidua_vs_Villi_all	Decidua versus villi across conditions	up_in_group_a	34	ENSG00000100453	GZMB	8.41842853056847	2.68244808575607	5.7359804448124	1.45944795268752	4.72202395213648	FALSE	8.41842853056847	FALSE	FALSE	Exploratory pseudobulk programme candidate; not a standalone biomarker claim	8	8	1.45944795268752
Decidua_vs_Villi_all	Decidua versus villi across conditions	up_in_group_a	35	ENSG00000152583	SPARCL1	9.01634589795872	3.47649907431296	5.53984682364576	1.41899807502988	4.71715314206109	FALSE	9.01634589795872	FALSE	FALSE	Exploratory pseudobulk programme candidate; not a standalone biomarker claim	8	8	1.41899807502988
Decidua_vs_Villi_all	Decidua versus villi across conditions	up_in_group_a	36	ENSG00000175602	CCDC85B	7.1894181031338	5.42502549336121	1.76439260977259	1.55416880081813	4.71497661017969	FALSE	7.1894181031338	FALSE	FALSE	Exploratory pseudobulk programme candidate; not a standalone biomarker claim	8	8	1.55416880081813
Decidua_vs_Villi_all	Decidua versus villi across conditions	up_in_group_a	37	ENSG00000271503	CCL5	7.76525630740019	3.98861913268036	3.77663717471982	1.50490998076522	4.71307147628309	FALSE	7.76525630740019	FALSE	FALSE	Exploratory pseudobulk programme candidate; not a standalone biomarker claim	8	8	1.50490998076522
Decidua_vs_Villi_all	Decidua versus villi across conditions	up_in_group_a	38	ENSG00000172543	CTSW	8.33734668171254	2.27935669561737	6.05798998609517	1.45952792168929	4.70407695345029	FALSE	8.33734668171254	FALSE	FALSE	Exploratory pseudobulk programme candidate; not a standalone biomarker claim	8	8	1.45952792168929
Decidua_vs_Villi_all	Decidua versus villi across conditions	up_in_group_a	39	ENSG00000102265	TIMP1	9.68679908641032	8.01190435882497	1.67489472758536	1.37470622033055	4.69841303942381	FALSE	9.68679908641032	FALSE	FALSE	Exploratory pseudobulk programme candidate; not a standalone biomarker claim	8	8	1.37470622033055
Decidua_vs_Villi_all	Decidua versus villi across conditions	up_in_group_a	40	ENSG00000110651	CD81	10.0529948795167	8.71935514511603	1.33363973440069	1.35428862799939	4.69445927543707	FALSE	10.0529948795167	FALSE	FALSE	Exploratory pseudobulk programme candidate; not a standalone biomarker claim	8	8	1.35428862799939
Decidua_vs_Villi_all	Decidua versus villi across conditions	up_in_group_a	41	ENSG00000265972	TXNIP	9.66429415571695	6.97785660412177	2.68643755159517	1.37388601497916	4.69143134774368	FALSE	9.66429415571695	FALSE	FALSE	Exploratory pseudobulk programme candidate; not a standalone biomarker claim	8	8	1.37388601497916
Decidua_vs_Villi_all	Decidua versus villi across conditions	up_in_group_a	42	ENSG00000125730	C3	8.10671044083665	4.18941554427227	3.91729489656437	1.47154023469409	4.68969573864034	FALSE	8.10671044083665	FALSE	FALSE	Exploratory pseudobulk programme candidate; not a standalone biomarker claim	8	8	1.47154023469409
Decidua_vs_Villi_all	Decidua versus villi across conditions	up_in_group_a	43	ENSG00000127314	RAP1B	8.23502962265595	7.25803107762674	0.976998545029208	1.46205380271507	4.68897700449674	FALSE	8.23502962265595	FALSE	FALSE	Exploratory pseudobulk programme candidate; not a standalone biomarker claim	8	8	1.46205380271507
Decidua_vs_Villi_all	Decidua versus villi across conditions	up_in_group_a	44	ENSG00000116044	NFE2L2	7.47557440209894	6.04282484940169	1.43274955269725	1.52037197448153	4.68777985364636	FALSE	7.47557440209894	FALSE	FALSE	Exploratory pseudobulk programme candidate; not a standalone biomarker claim	8	8	1.52037197448153
Decidua_vs_Villi_all	Decidua versus villi across conditions	up_in_group_a	45	ENSG00000120129	DUSP1	9.38164086555152	6.75209484524264	2.62954602030888	1.38765012727524	4.68465490536399	FALSE	9.38164086555152	FALSE	FALSE	Exploratory pseudobulk programme candidate; not a standalone biomarker claim	8	8	1.38765012727524
Decidua_vs_Villi_all	Decidua versus villi across conditions	up_in_group_a	46	ENSG00000132329	RAMP1	8.40653511167131	3.34740008415249	5.05913502751883	1.4478184798856	4.6817576361353	FALSE	8.40653511167131	FALSE	FALSE	Exploratory pseudobulk programme candidate; not a standalone biomarker claim	8	8	1.4478184798856
Decidua_vs_Villi_all	Decidua versus villi across conditions	up_in_group_a	47	ENSG00000168610	STAT3	7.37588676332877	5.87486055348042	1.50102620984835	1.52619405418071	4.67968021457658	FALSE	7.37588676332877	FALSE	FALSE	Exploratory pseudobulk programme candidate; not a standalone biomarker claim	8	8	1.52619405418071
Decidua_vs_Villi_all	Decidua versus villi across conditions	up_in_group_a	48	ENSG00000103266	STUB1	6.68930586657054	6.22872950676706	0.460576359803484	1.58977397600749	4.67847170008307	FALSE	6.68930586657054	FALSE	FALSE	Exploratory pseudobulk programme candidate; not a standalone biomarker claim	8	8	1.58977397600749
Decidua_vs_Villi_all	Decidua versus villi across conditions	up_in_group_a	49	ENSG00000128016	ZFP36	8.89669652226279	5.99855154956193	2.89814497270086	1.41456772341964	4.67790054543083	FALSE	8.89669652226279	FALSE	FALSE	Exploratory pseudobulk programme candidate; not a standalone biomarker claim	8	8	1.41456772341964
Decidua_vs_Villi_all	Decidua versus villi across conditions	up_in_group_a	50	ENSG00000172500	FIBP	6.45766458288635	6.01527560769055	0.442388975195793	1.6089051338336	4.66377178308114	FALSE	6.45766458288635	FALSE	FALSE	Exploratory pseudobulk programme candidate; not a standalone biomarker claim	8	8	1.6089051338336
RM_decidua_vs_Control_decidua	RM decidua versus control decidua	down_in_group_a	1	ENSG00000133112	TPT1	12.3518687556486	12.8183429351552	-0.466474179506568	-1.46448144703701	5.54820658476271	FALSE	12.8183429351552	FALSE	FALSE	Exploratory pseudobulk programme candidate; not a standalone biomarker claim	3	5	1.46448144703701
RM_decidua_vs_Control_decidua	RM decidua versus control decidua	down_in_group_a	2	ENSG00000164346	NSA2	7.12155183449924	7.52538478290717	-0.40383294840793	-1.78296477354108	5.51250799373718	FALSE	7.52538478290717	FALSE	FALSE	Exploratory pseudobulk programme candidate; not a standalone biomarker claim	3	5	1.78296477354108
RM_decidua_vs_Control_decidua	RM decidua versus control decidua	down_in_group_a	3	ENSG00000104408	EIF3E	8.00312424729048	8.440416346989	-0.437292099698523	-1.68209888822925	5.44806680434148	FALSE	8.440416346989	FALSE	FALSE	Exploratory pseudobulk programme candidate; not a standalone biomarker claim	3	5	1.68209888822925
RM_decidua_vs_Control_decidua	RM decidua versus control decidua	down_in_group_a	4	ENSG00000204628	RACK1	10.4443099920394	10.9563684353698	-0.512058443330387	-1.47705607775421	5.28742850430013	FALSE	10.9563684353698	FALSE	FALSE	Exploratory pseudobulk programme candidate; not a standalone biomarker claim	3	5	1.47705607775421
RM_decidua_vs_Control_decidua	RM decidua versus control decidua	down_in_group_a	5	ENSG00000125868	DSTN	8.22357416330289	8.76578278209354	-0.542208618790644	-1.59744314279868	5.2519708314416	FALSE	8.76578278209354	FALSE	FALSE	Exploratory pseudobulk programme candidate; not a standalone biomarker claim	3	5	1.59744314279868
RM_decidua_vs_Control_decidua	RM decidua versus control decidua	down_in_group_a	6	ENSG00000167658	EEF2	9.03824825907977	9.5754454460602	-0.537197186980427	-1.54221127111521	5.24759982549803	FALSE	9.5754454460602	FALSE	FALSE	Exploratory pseudobulk programme candidate; not a standalone biomarker claim	3	5	1.54221127111521
RM_decidua_vs_Control_decidua	RM decidua versus control decidua	down_in_group_a	7	ENSG00000175061	SNHG29	8.82061822222344	9.4505059492278	-0.629887727004359	-1.54205514112287	5.22062904546168	FALSE	9.4505059492278	FALSE	FALSE	Exploratory pseudobulk programme candidate; not a standalone biomarker claim	3	5	1.54205514112287
RM_decidua_vs_Control_decidua	RM decidua versus control decidua	down_in_group_a	8	ENSG00000234741	GAS5	7.72460551142054	8.59154743706304	-0.866941925642493	-1.58461938036744	5.16865379719963	FALSE	8.59154743706304	FALSE	FALSE	Exploratory pseudobulk programme candidate; not a standalone biomarker claim	3	5	1.58461938036744
RM_decidua_vs_Control_decidua	RM decidua versus control decidua	down_in_group_a	9	ENSG00000196531	NACA	10.3429484779527	10.7141711908443	-0.37122271289158	-1.44828491048768	5.14167643671071	FALSE	10.7141711908443	FALSE	FALSE	Exploratory pseudobulk programme candidate; not a standalone biomarker claim	3	5	1.44828491048768
RM_decidua_vs_Control_decidua	RM decidua versus control decidua	down_in_group_a	10	ENSG00000145741	BTF3	9.39419704968689	9.73896410394066	-0.344767054253767	-1.48637589485495	5.09051479295434	FALSE	9.73896410394066	FALSE	FALSE	Exploratory pseudobulk programme candidate; not a standalone biomarker claim	3	5	1.48637589485495
RM_decidua_vs_Control_decidua	RM decidua versus control decidua	down_in_group_a	11	ENSG00000269893	SNHG8	6.29417451329351	6.76435906627856	-0.47018455298505	-1.72055006676375	5.08743743497432	FALSE	6.76435906627856	FALSE	FALSE	Exploratory pseudobulk programme candidate; not a standalone biomarker claim	3	5	1.72055006676375
RM_decidua_vs_Control_decidua	RM decidua versus control decidua	down_in_group_a	12	ENSG00000082153	BZW1	7.40792091359109	7.77292521802813	-0.365004304437036	-1.61986298476876	5.07512463606678	FALSE	7.77292521802813	FALSE	FALSE	Exploratory pseudobulk programme candidate; not a standalone biomarker claim	3	5	1.61986298476876
RM_decidua_vs_Control_decidua	RM decidua versus control decidua	down_in_group_a	13	ENSG00000188257	PLA2G2A	3.40495698863121	8.07240537460447	-4.66744838597326	-1.59298723107202	5.06806514722005	FALSE	8.07240537460447	FALSE	FALSE	Exploratory pseudobulk programme candidate; not a standalone biomarker claim	3	5	1.59298723107202
RM_decidua_vs_Control_decidua	RM decidua versus control decidua	down_in_group_a	14	ENSG00000153774	CFDP1	6.37267011682215	6.63249146368482	-0.259821346862673	-1.72039500621969	5.0444632210379	FALSE	6.63249146368482	FALSE	FALSE	Exploratory pseudobulk programme candidate; not a standalone biomarker claim	3	5	1.72039500621969
RM_decidua_vs_Control_decidua	RM decidua versus control decidua	down_in_group_a	15	ENSG00000168385	SEPTIN2	7.10192582473995	7.38437154637291	-0.282445721632964	-1.62631860961412	4.98906190863518	FALSE	7.38437154637291	FALSE	FALSE	Exploratory pseudobulk programme candidate; not a standalone biomarker claim	3	5	1.62631860961412
RM_decidua_vs_Control_decidua	RM decidua versus control decidua	down_in_group_a	16	ENSG00000164919	COX6C	9.19067010880259	9.98612346929104	-0.795453360488445	-1.43509846717594	4.96201153711505	FALSE	9.98612346929104	FALSE	FALSE	Exploratory pseudobulk programme candidate; not a standalone biomarker claim	3	5	1.43509846717594
RM_decidua_vs_Control_decidua	RM decidua versus control decidua	down_in_group_a	17	ENSG00000198498	TMA16	4.75187158353301	5.17730138018588	-0.425429796652867	-1.85993125937066	4.88599611746068	FALSE	5.17730138018588	FALSE	FALSE	Exploratory pseudobulk programme candidate; not a standalone biomarker claim	3	5	1.85993125937066
RM_decidua_vs_Control_decidua	RM decidua versus control decidua	down_in_group_a	18	ENSG00000169100	SLC25A6	8.82020479594018	9.20197426135407	-0.381769465413885	-1.45619810417185	4.87939432994211	FALSE	9.20197426135407	FALSE	FALSE	Exploratory pseudobulk programme candidate; not a standalone biomarker claim	3	5	1.45619810417185
RM_decidua_vs_Control_decidua	RM decidua versus control decidua	down_in_group_a	19	ENSG00000146278	PNRC1	8.44208439992468	9.53395286722732	-1.09186846730264	-1.42848446548725	4.85252602337533	FALSE	9.53395286722732	FALSE	FALSE	Exploratory pseudobulk programme candidate; not a standalone biomarker claim	3	5	1.42848446548725
RM_decidua_vs_Control_decidua	RM decidua versus control decidua	down_in_group_a	20	ENSG00000144895	EIF2A	5.86810456356267	6.21460127994292	-0.346496716380247	-1.70111023972985	4.84972863538235	FALSE	6.21460127994292	FALSE	FALSE	Exploratory pseudobulk programme candidate; not a standalone biomarker claim	3	5	1.70111023972985
RM_decidua_vs_Control_decidua	RM decidua versus control decidua	down_in_group_a	21	ENSG00000181350	LRRC75A	4.84972416817765	5.63177607098587	-0.782051902808222	-1.76050039200873	4.80510148417914	FALSE	5.63177607098587	FALSE	FALSE	Exploratory pseudobulk programme candidate; not a standalone biomarker claim	3	5	1.76050039200873
RM_decidua_vs_Control_decidua	RM decidua versus control decidua	down_in_group_a	22	ENSG00000135486	HNRNPA1	9.06406173022477	9.43589714702027	-0.371835416795498	-1.4164068447886	4.79238809157772	FALSE	9.43589714702027	FALSE	FALSE	Exploratory pseudobulk programme candidate; not a standalone biomarker claim	3	5	1.4164068447886
RM_decidua_vs_Control_decidua	RM decidua versus control decidua	down_in_group_a	23	ENSG00000111142	METAP2	6.7308085644643	7.332865456291	-0.602056891826696	-1.55584875280506	4.75904990306429	FALSE	7.332865456291	FALSE	FALSE	Exploratory pseudobulk programme candidate; not a standalone biomarker claim	3	5	1.55584875280506
RM_decidua_vs_Control_decidua	RM decidua versus control decidua	down_in_group_a	24	ENSG00000173473	SMARCC1	6.08896977924148	6.40543322299441	-0.316463443752928	-1.64072532369461	4.73937314261807	FALSE	6.40543322299441	FALSE	FALSE	Exploratory pseudobulk programme candidate; not a standalone biomarker claim	3	5	1.64072532369461
RM_decidua_vs_Control_decidua	RM decidua versus control decidua	down_in_group_a	25	ENSG00000107317	PTGDS	6.85189667227795	10.3426862644934	-3.49078959221549	-1.34407031010734	4.70920630435569	FALSE	10.3426862644934	FALSE	FALSE	Exploratory pseudobulk programme candidate; not a standalone biomarker claim	3	5	1.34407031010734
RM_decidua_vs_Control_decidua	RM decidua versus control decidua	down_in_group_a	26	ENSG00000170144	HNRNPA3	8.10268574964902	8.39949462945348	-0.296808879804457	-1.44564258007496	4.67315990504362	FALSE	8.39949462945348	FALSE	FALSE	Exploratory pseudobulk programme candidate; not a standalone biomarker claim	3	5	1.44564258007496
RM_decidua_vs_Control_decidua	RM decidua versus control decidua	down_in_group_a	27	ENSG00000132432	SEC61G	7.80166575422182	8.26813387126353	-0.466468117041713	-1.45422354292061	4.67137157809161	FALSE	8.26813387126353	FALSE	FALSE	Exploratory pseudobulk programme candidate; not a standalone biomarker claim	3	5	1.45422354292061
RM_decidua_vs_Control_decidua	RM decidua versus control decidua	down_in_group_a	28	ENSG00000221869	CEBPD	8.92869705460529	9.970034053459	-1.0413369988537	-1.35062454388631	4.66707784272908	FALSE	9.970034053459	FALSE	FALSE	Exploratory pseudobulk programme candidate; not a standalone biomarker claim	3	5	1.35062454388631
RM_decidua_vs_Control_decidua	RM decidua versus control decidua	down_in_group_a	29	ENSG00000173674	EIF1AX	7.7471100262214	8.00580637665737	-0.25869635043597	-1.46353990987128	4.64067351459581	FALSE	8.00580637665737	FALSE	FALSE	Exploratory pseudobulk programme candidate; not a standalone biomarker claim	3	5	1.46353990987128
RM_decidua_vs_Control_decidua	RM decidua versus control decidua	down_in_group_a	30	ENSG00000177606	JUN	8.75952096430485	10.0415482608208	-1.282027296516	-1.33109329695138	4.61206600096221	FALSE	10.0415482608208	FALSE	FALSE	Exploratory pseudobulk programme candidate; not a standalone biomarker claim	3	5	1.33109329695138
RM_decidua_vs_Control_decidua	RM decidua versus control decidua	down_in_group_a	31	ENSG00000215021	PHB2	6.69919342073769	7.12742939908956	-0.428235978351871	-1.52294879306785	4.60356826942767	FALSE	7.12742939908956	FALSE	FALSE	Exploratory pseudobulk programme candidate; not a standalone biomarker claim	3	5	1.52294879306785
RM_decidua_vs_Control_decidua	RM decidua versus control decidua	down_in_group_a	32	ENSG00000125743	SNRPD2	7.78696532891934	8.15556443440233	-0.368599105482989	-1.43929371307936	4.59803797643656	FALSE	8.15556443440233	FALSE	FALSE	Exploratory pseudobulk programme candidate; not a standalone biomarker claim	3	5	1.43929371307936
RM_decidua_vs_Control_decidua	RM decidua versus control decidua	down_in_group_a	33	ENSG00000137876	RSL24D1	6.53095776016933	6.94904649680353	-0.418088736634195	-1.52396628978305	4.5578506688538	FALSE	6.94904649680353	FALSE	FALSE	Exploratory pseudobulk programme candidate; not a standalone biomarker claim	3	5	1.52396628978305
RM_decidua_vs_Control_decidua	RM decidua versus control decidua	down_in_group_a	34	ENSG00000171490	RSL1D1	6.87398548895949	7.33738284625928	-0.463397357299782	-1.48782357504481	4.55213695250614	FALSE	7.33738284625928	FALSE	FALSE	Exploratory pseudobulk programme candidate; not a standalone biomarker claim	3	5	1.48782357504481
RM_decidua_vs_Control_decidua	RM decidua versus control decidua	down_in_group_a	35	ENSG00000175390	EIF3F	7.78433024088136	8.06396978263312	-0.279639541751761	-1.4286711671094	4.54337868499697	FALSE	8.06396978263312	FALSE	FALSE	Exploratory pseudobulk programme candidate; not a standalone biomarker claim	3	5	1.4286711671094
RM_decidua_vs_Control_decidua	RM decidua versus control decidua	down_in_group_a	36	ENSG00000120129	DUSP1	8.63772926174432	9.82798782783584	-1.19025856609152	-1.31590887415889	4.52237516618085	FALSE	9.82798782783584	FALSE	FALSE	Exploratory pseudobulk programme candidate; not a standalone biomarker claim	3	5	1.31590887415889
RM_decidua_vs_Control_decidua	RM decidua versus control decidua	down_in_group_a	37	ENSG00000105176	URI1	6.03161149680133	6.41413266579279	-0.382521168991459	-1.56246833585855	4.5159677481562	FALSE	6.41413266579279	FALSE	FALSE	Exploratory pseudobulk programme candidate; not a standalone biomarker claim	3	5	1.56246833585855
RM_decidua_vs_Control_decidua	RM decidua versus control decidua	down_in_group_a	38	ENSG00000067082	KLF6	8.48643286155532	9.09652003809395	-0.610087176538631	-1.35345794716912	4.514846370392	FALSE	9.09652003809395	FALSE	FALSE	Exploratory pseudobulk programme candidate; not a standalone biomarker claim	3	5	1.35345794716912
RM_decidua_vs_Control_decidua	RM decidua versus control decidua	down_in_group_a	39	ENSG00000185650	ZFP36L1	8.73395915396607	9.50702496339353	-0.773065809427454	-1.32661810635159	4.50158977454383	FALSE	9.50702496339353	FALSE	FALSE	Exploratory pseudobulk programme candidate; not a standalone biomarker claim	3	5	1.32661810635159
RM_decidua_vs_Control_decidua	RM decidua versus control decidua	down_in_group_a	40	ENSG00000100219	XBP1	7.48255697242454	8.30320589393971	-0.820648921515173	-1.39781707164322	4.49779506885115	FALSE	8.30320589393971	FALSE	FALSE	Exploratory pseudobulk programme candidate; not a standalone biomarker claim	3	5	1.39781707164322
RM_decidua_vs_Control_decidua	RM decidua versus control decidua	down_in_group_a	41	ENSG00000004487	KDM1A	4.90927156765591	5.4567231281633	-0.54745156050739	-1.65704998339525	4.45879368111236	FALSE	5.4567231281633	FALSE	FALSE	Exploratory pseudobulk programme candidate; not a standalone biomarker claim	3	5	1.65704998339525
RM_decidua_vs_Control_decidua	RM decidua versus control decidua	down_in_group_a	42	ENSG00000125148	MT2A	8.36720137496212	9.25143104086334	-0.884229665901227	-1.31409246812253	4.41239846669956	FALSE	9.25143104086334	FALSE	FALSE	Exploratory pseudobulk programme candidate; not a standalone biomarker claim	3	5	1.31409246812253
RM_decidua_vs_Control_decidua	RM decidua versus control decidua	down_in_group_a	43	ENSG00000111678	C12orf57	7.04699095649408	7.74188994548724	-0.694898988993163	-1.40792559462726	4.40391412774495	FALSE	7.74188994548724	FALSE	FALSE	Exploratory pseudobulk programme candidate; not a standalone biomarker claim	3	5	1.40792559462726
RM_decidua_vs_Control_decidua	RM decidua versus control decidua	down_in_group_a	44	ENSG00000113328	CCNG1	4.91524896662263	5.26944616841802	-0.354197201795394	-1.6581206545048	4.39126394383737	FALSE	5.26944616841802	FALSE	FALSE	Exploratory pseudobulk programme candidate; not a standalone biomarker claim	3	5	1.6581206545048
RM_decidua_vs_Control_decidua	RM decidua versus control decidua	down_in_group_a	45	ENSG00000112096	SOD2	8.63593041504525	9.26230323111576	-0.626372816070512	-1.30427837687801	4.38143972872968	FALSE	9.26230323111576	FALSE	FALSE	Exploratory pseudobulk programme candidate; not a standalone biomarker claim	3	5	1.30427837687801
RM_decidua_vs_Control_decidua	RM decidua versus control decidua	down_in_group_a	46	ENSG00000163479	SSR2	8.40313121244139	8.8550121584793	-0.451880946037907	-1.32433527497885	4.37144222513367	FALSE	8.8550121584793	FALSE	FALSE	Exploratory pseudobulk programme candidate; not a standalone biomarker claim	3	5	1.32433527497885
RM_decidua_vs_Control_decidua	RM decidua versus control decidua	down_in_group_a	47	ENSG00000147677	EIF3H	7.660030575003	7.91984660219566	-0.25981602719266	-1.38037763095029	4.35787826979103	FALSE	7.91984660219566	FALSE	FALSE	Exploratory pseudobulk programme candidate; not a standalone biomarker claim	3	5	1.38037763095029
RM_decidua_vs_Control_decidua	RM decidua versus control decidua	down_in_group_a	48	ENSG00000197766	CFD	9.33170117829934	10.8400428581952	-1.50834167989585	-1.22002130810794	4.35011090190255	FALSE	10.8400428581952	FALSE	FALSE	Exploratory pseudobulk programme candidate; not a standalone biomarker claim	3	5	1.22002130810794
RM_decidua_vs_Control_decidua	RM decidua versus control decidua	down_in_group_a	49	ENSG00000047849	MAP4	6.66155053101245	7.35952409853063	-0.69797356751818	-1.41461881610821	4.33357272385706	FALSE	7.35952409853063	FALSE	FALSE	Exploratory pseudobulk programme candidate; not a standalone biomarker claim	3	5	1.41461881610821
RM_decidua_vs_Control_decidua	RM decidua versus control decidua	down_in_group_a	50	ENSG00000171109	MFN1	4.25176303423688	4.53276069359062	-0.280997659353737	-1.75429677569716	4.32960360875469	FALSE	4.53276069359062	FALSE	FALSE	Exploratory pseudobulk programme candidate; not a standalone biomarker claim	3	5	1.75429677569716
RM_decidua_vs_Control_decidua	RM decidua versus control decidua	up_in_group_a	1	ENSG00000087086	FTL	14.1374973458371	11.8537777637837	2.28371958205347	1.55169510729682	6.08272985636483	FALSE	14.1374973458371	FALSE	FALSE	Exploratory pseudobulk programme candidate; not a standalone biomarker claim	3	5	1.55169510729682
RM_decidua_vs_Control_decidua	RM decidua versus control decidua	up_in_group_a	2	ENSG00000019582	CD74	11.3830317168563	9.76173634938631	1.62129536746996	1.60864890281131	5.83986631290027	FALSE	11.3830317168563	FALSE	FALSE	Exploratory pseudobulk programme candidate; not a standalone biomarker claim	3	5	1.60864890281131
RM_decidua_vs_Control_decidua	RM decidua versus control decidua	up_in_group_a	3	ENSG00000167996	FTH1	12.986525363922	12.0565432331421	0.929982130779921	1.50549498301595	5.72986226225734	FALSE	12.986525363922	FALSE	FALSE	Exploratory pseudobulk programme candidate; not a standalone biomarker claim	3	5	1.50549498301595
RM_decidua_vs_Control_decidua	RM decidua versus control decidua	up_in_group_a	4	ENSG00000204287	HLA-DRA	11.0577701607382	9.3217778134134	1.73599234732483	1.58682912938349	5.69971763286056	FALSE	11.0577701607382	FALSE	FALSE	Exploratory pseudobulk programme candidate; not a standalone biomarker claim	3	5	1.58682912938349
RM_decidua_vs_Control_decidua	RM decidua versus control decidua	up_in_group_a	5	ENSG00000112335	SNX3	8.06436678876163	7.79947744989654	0.264889338865086	1.78288798085518	5.6699514834711	FALSE	8.06436678876163	FALSE	FALSE	Exploratory pseudobulk programme candidate; not a standalone biomarker claim	3	5	1.78288798085518
RM_decidua_vs_Control_decidua	RM decidua versus control decidua	up_in_group_a	6	ENSG00000104870	FCGRT	8.94503993112799	7.86196602718748	1.08307390394051	1.67401708869433	5.54765440366244	FALSE	8.94503993112799	FALSE	FALSE	Exploratory pseudobulk programme candidate; not a standalone biomarker claim	3	5	1.67401708869433
RM_decidua_vs_Control_decidua	RM decidua versus control decidua	up_in_group_a	7	ENSG00000231389	HLA-DPA1	9.99246485990714	8.34056811532632	1.65189674458082	1.59030596864209	5.49998256978842	FALSE	9.99246485990714	FALSE	FALSE	Exploratory pseudobulk programme candidate; not a standalone biomarker claim	3	5	1.59030596864209
RM_decidua_vs_Control_decidua	RM decidua versus control decidua	up_in_group_a	8	ENSG00000100292	HMOX1	8.20505665167692	5.13562935538946	3.06942729628746	1.71465255597397	5.49104895592948	FALSE	8.20505665167692	FALSE	FALSE	Exploratory pseudobulk programme candidate; not a standalone biomarker claim	3	5	1.71465255597397
RM_decidua_vs_Control_decidua	RM decidua versus control decidua	up_in_group_a	9	ENSG00000163220	S100A9	8.77613938446464	6.82490959901014	1.9512297854545	1.66623386506474	5.48068449206609	FALSE	8.77613938446464	FALSE	FALSE	Exploratory pseudobulk programme candidate; not a standalone biomarker claim	3	5	1.66623386506474
RM_decidua_vs_Control_decidua	RM decidua versus control decidua	up_in_group_a	10	ENSG00000129515	SNX6	7.72518889743374	7.37993074679809	0.345258150635651	1.74670309029034	5.4587726824002	FALSE	7.72518889743374	FALSE	FALSE	Exploratory pseudobulk programme candidate; not a standalone biomarker claim	3	5	1.74670309029034
RM_decidua_vs_Control_decidua	RM decidua versus control decidua	up_in_group_a	11	ENSG00000106565	TMEM176B	7.91923927548373	5.95411034515897	1.96512893032477	1.72546605640952	5.44715945457022	FALSE	7.91923927548373	FALSE	FALSE	Exploratory pseudobulk programme candidate; not a standalone biomarker claim	3	5	1.72546605640952
RM_decidua_vs_Control_decidua	RM decidua versus control decidua	up_in_group_a	12	ENSG00000051523	CYBA	9.65797916211244	8.37642790052743	1.28155126158501	1.58487778262017	5.41055405642126	FALSE	9.65797916211244	FALSE	FALSE	Exploratory pseudobulk programme candidate; not a standalone biomarker claim	3	5	1.58487778262017
RM_decidua_vs_Control_decidua	RM decidua versus control decidua	up_in_group_a	13	ENSG00000026297	RNASET2	7.76819892924172	6.46018413211359	1.30801479712813	1.72142784663752	5.3919949277078	FALSE	7.76819892924172	FALSE	FALSE	Exploratory pseudobulk programme candidate; not a standalone biomarker claim	3	5	1.72142784663752
RM_decidua_vs_Control_decidua	RM decidua versus control decidua	up_in_group_a	14	ENSG00000204472	AIF1	8.72193085404802	7.12165045403042	1.6002804000176	1.64119472045862	5.38515848001309	FALSE	8.72193085404802	FALSE	FALSE	Exploratory pseudobulk programme candidate; not a standalone biomarker claim	3	5	1.64119472045862
RM_decidua_vs_Control_decidua	RM decidua versus control decidua	up_in_group_a	15	ENSG00000223865	HLA-DPB1	9.64054068222463	8.02949684301801	1.61104383920662	1.57823562275852	5.38415012607196	FALSE	9.64054068222463	FALSE	FALSE	Exploratory pseudobulk programme candidate; not a standalone biomarker claim	3	5	1.57823562275852
RM_decidua_vs_Control_decidua	RM decidua versus control decidua	up_in_group_a	16	ENSG00000166927	MS4A7	8.12362653383469	6.64413785538244	1.47948867845225	1.68486817078495	5.37406797315501	TRUE	8.12362653383469	FALSE	FALSE	Exploratory pseudobulk programme candidate; not a standalone biomarker claim	3	5	1.68486817078495
RM_decidua_vs_Control_decidua	RM decidua versus control decidua	up_in_group_a	17	ENSG00000119655	NPC2	9.55199333364559	8.57454905239207	0.977444281253518	1.57490031477098	5.3537848793906	FALSE	9.55199333364559	FALSE	FALSE	Exploratory pseudobulk programme candidate; not a standalone biomarker claim	3	5	1.57490031477098
RM_decidua_vs_Control_decidua	RM decidua versus control decidua	up_in_group_a	18	ENSG00000173369	C1QB	10.2311989734835	8.44601615497555	1.78518281850794	1.52931103003113	5.33643914802164	TRUE	10.2311989734835	FALSE	FALSE	Exploratory pseudobulk programme candidate; not a standalone biomarker claim	3	5	1.52931103003113
RM_decidua_vs_Control_decidua	RM decidua versus control decidua	up_in_group_a	19	ENSG00000143546	S100A8	7.13096847940496	5.30557635371893	1.82539212568603	1.75769746185325	5.31427031887218	FALSE	7.13096847940496	FALSE	FALSE	Exploratory pseudobulk programme candidate; not a standalone biomarker claim	3	5	1.75769746185325
RM_decidua_vs_Control_decidua	RM decidua versus control decidua	up_in_group_a	20	ENSG00000136003	ISCU	7.19422770286712	6.93253118188734	0.261696520979782	1.71419641794967	5.20191413481774	FALSE	7.19422770286712	FALSE	FALSE	Exploratory pseudobulk programme candidate; not a standalone biomarker claim	3	5	1.71419641794967
RM_decidua_vs_Control_decidua	RM decidua versus control decidua	up_in_group_a	21	ENSG00000159189	C1QC	9.13591137880503	7.39677624054988	1.73913513825515	1.54863945685704	5.17462993730617	TRUE	9.13591137880503	FALSE	FALSE	Exploratory pseudobulk programme candidate; not a standalone biomarker claim	3	5	1.54863945685704
RM_decidua_vs_Control_decidua	RM decidua versus control decidua	up_in_group_a	22	ENSG00000173372	C1QA	10.0633222410053	8.42742347594882	1.63589876505651	1.49209668678674	5.17416274544738	TRUE	10.0633222410053	FALSE	FALSE	Exploratory pseudobulk programme candidate; not a standalone biomarker claim	3	5	1.49209668678674
RM_decidua_vs_Control_decidua	RM decidua versus control decidua	up_in_group_a	23	ENSG00000101160	CTSZ	9.59267192220207	7.6995632357529	1.89310868644917	1.51870278876592	5.17117485420544	FALSE	9.59267192220207	FALSE	FALSE	Exploratory pseudobulk programme candidate; not a standalone biomarker claim	3	5	1.51870278876592
RM_decidua_vs_Control_decidua	RM decidua versus control decidua	up_in_group_a	24	ENSG00000100979	PLTP	7.45271357326373	6.19377484226775	1.25893873099598	1.67677654499383	5.16349011307212	FALSE	7.45271357326373	FALSE	FALSE	Exploratory pseudobulk programme candidate; not a standalone biomarker claim	3	5	1.67677654499383
RM_decidua_vs_Control_decidua	RM decidua versus control decidua	up_in_group_a	25	ENSG00000168461	RAB31	7.34444498944892	6.59460361254586	0.749841376903062	1.6844578057349	5.15581556383574	FALSE	7.34444498944892	FALSE	FALSE	Exploratory pseudobulk programme candidate; not a standalone biomarker claim	3	5	1.6844578057349
RM_decidua_vs_Control_decidua	RM decidua versus control decidua	up_in_group_a	26	ENSG00000205542	TMSB4X	13.0918746518138	12.8107708890397	0.2811037627741	1.34738613809258	5.14269215044423	FALSE	13.0918746518138	FALSE	FALSE	Exploratory pseudobulk programme candidate; not a standalone biomarker claim	3	5	1.34738613809258
RM_decidua_vs_Control_decidua	RM decidua versus control decidua	up_in_group_a	27	ENSG00000139644	TMBIM6	8.97107487575445	8.51953426971801	0.45154060603644	1.54836116630132	5.13707376478106	FALSE	8.97107487575445	FALSE	FALSE	Exploratory pseudobulk programme candidate; not a standalone biomarker claim	3	5	1.54836116630132
RM_decidua_vs_Control_decidua	RM decidua versus control decidua	up_in_group_a	28	ENSG00000128245	YWHAH	7.38077728349647	6.58970046077403	0.791076822722438	1.6649640398363	5.10658465758402	FALSE	7.38077728349647	FALSE	FALSE	Exploratory pseudobulk programme candidate; not a standalone biomarker claim	3	5	1.6649640398363
RM_decidua_vs_Control_decidua	RM decidua versus control decidua	up_in_group_a	29	ENSG00000118785	SPP1	11.6753274885693	8.05761659564134	3.61771089292801	1.39352373136673	5.10580283220349	TRUE	11.6753274885693	FALSE	FALSE	Exploratory pseudobulk programme candidate; not a standalone biomarker claim	3	5	1.39352373136673
RM_decidua_vs_Control_decidua	RM decidua versus control decidua	up_in_group_a	30	ENSG00000030582	GRN	9.13043899200719	7.68655876968511	1.44388022232208	1.52048175622574	5.07935904464956	FALSE	9.13043899200719	FALSE	FALSE	Exploratory pseudobulk programme candidate; not a standalone biomarker claim	3	5	1.52048175622574
RM_decidua_vs_Control_decidua	RM decidua versus control decidua	up_in_group_a	31	ENSG00000002549	LAP3	7.1700120635125	6.11067957732632	1.05933248618618	1.67335512054492	5.07083195834077	FALSE	7.1700120635125	FALSE	FALSE	Exploratory pseudobulk programme candidate; not a standalone biomarker claim	3	5	1.67335512054492
RM_decidua_vs_Control_decidua	RM decidua versus control decidua	up_in_group_a	32	ENSG00000204257	HLA-DMA	7.87930732830119	6.22095289515334	1.65835443314785	1.60919298681983	5.06967743792205	FALSE	7.87930732830119	FALSE	FALSE	Exploratory pseudobulk programme candidate; not a standalone biomarker claim	3	5	1.60919298681983
RM_decidua_vs_Control_decidua	RM decidua versus control decidua	up_in_group_a	33	ENSG00000177575	CD163	7.17892318872094	5.18785571496608	1.99106747375486	1.67153453634324	5.06794380550856	FALSE	7.17892318872094	FALSE	FALSE	Exploratory pseudobulk programme candidate; not a standalone biomarker claim	3	5	1.67153453634324
RM_decidua_vs_Control_decidua	RM decidua versus control decidua	up_in_group_a	34	ENSG00000126709	IFI6	9.45869833614821	7.27938303443644	2.17931530171177	1.49588964143143	5.06602683564907	FALSE	9.45869833614821	FALSE	FALSE	Exploratory pseudobulk programme candidate; not a standalone biomarker claim	3	5	1.49588964143143
RM_decidua_vs_Control_decidua	RM decidua versus control decidua	up_in_group_a	35	ENSG00000110077	MS4A6A	7.89595656489588	6.46587107893613	1.43008548595974	1.60423623570759	5.05839707597444	FALSE	7.89595656489588	FALSE	FALSE	Exploratory pseudobulk programme candidate; not a standalone biomarker claim	3	5	1.60423623570759
RM_decidua_vs_Control_decidua	RM decidua versus control decidua	up_in_group_a	36	ENSG00000117984	CTSD	10.2692711723926	8.51021014482701	1.75906102756561	1.44683988715733	5.05572489483077	FALSE	10.2692711723926	FALSE	FALSE	Exploratory pseudobulk programme candidate; not a standalone biomarker claim	3	5	1.44683988715733
RM_decidua_vs_Control_decidua	RM decidua versus control decidua	up_in_group_a	37	ENSG00000211896	IGHG1	6.55977781830365	2.34707007573136	4.2127077425723	1.72945435721078	5.04714246006125	FALSE	6.55977781830365	FALSE	FALSE	Exploratory pseudobulk programme candidate; not a standalone biomarker claim	3	5	1.72945435721078
RM_decidua_vs_Control_decidua	RM decidua versus control decidua	up_in_group_a	38	ENSG00000162511	LAPTM5	8.79261805261897	7.13890097185089	1.65371708076807	1.53229352070059	5.04384233123172	FALSE	8.79261805261897	FALSE	FALSE	Exploratory pseudobulk programme candidate; not a standalone biomarker claim	3	5	1.53229352070059
RM_decidua_vs_Control_decidua	RM decidua versus control decidua	up_in_group_a	39	ENSG00000203747	FCGR3A	7.43146027733945	5.38490756945257	2.04655270788688	1.63919132452897	5.04179602089366	FALSE	7.43146027733945	FALSE	FALSE	Exploratory pseudobulk programme candidate; not a standalone biomarker claim	3	5	1.63919132452897
RM_decidua_vs_Control_decidua	RM decidua versus control decidua	up_in_group_a	40	ENSG00000182578	CSF1R	6.96725917238762	5.48667481137116	1.48058436101646	1.67789698751579	5.02376369523802	FALSE	6.96725917238762	FALSE	FALSE	Exploratory pseudobulk programme candidate; not a standalone biomarker claim	3	5	1.67789698751579
RM_decidua_vs_Control_decidua	RM decidua versus control decidua	up_in_group_a	41	ENSG00000216490	IFI30	9.737046589823	7.2958572363852	2.4411893534378	1.466938759425	5.0235689019226	FALSE	9.737046589823	FALSE	FALSE	Exploratory pseudobulk programme candidate; not a standalone biomarker claim	3	5	1.466938759425
RM_decidua_vs_Control_decidua	RM decidua versus control decidua	up_in_group_a	42	ENSG00000179344	HLA-DQB1	8.46889049917345	6.95521219500723	1.51367830416622	1.54886898814939	5.02328476255509	FALSE	8.46889049917345	FALSE	FALSE	Exploratory pseudobulk programme candidate; not a standalone biomarker claim	3	5	1.54886898814939
RM_decidua_vs_Control_decidua	RM decidua versus control decidua	up_in_group_a	43	ENSG00000237541	HLA-DQA2	7.2905858736434	1.63392756435352	5.65665830928988	1.64523709518411	5.02039831314587	FALSE	7.2905858736434	FALSE	FALSE	Exploratory pseudobulk programme candidate; not a standalone biomarker claim	3	5	1.64523709518411
RM_decidua_vs_Control_decidua	RM decidua versus control decidua	up_in_group_a	44	ENSG00000143162	CREG1	7.31339813779708	5.79882510611659	1.51457303168049	1.64034531673731	5.01197391492495	FALSE	7.31339813779708	FALSE	FALSE	Exploratory pseudobulk programme candidate; not a standalone biomarker claim	3	5	1.64034531673731
RM_decidua_vs_Control_decidua	RM decidua versus control decidua	up_in_group_a	45	ENSG00000182220	ATP6AP2	7.69701982474694	7.14103347497921	0.555986349767734	1.59778743446267	4.9859294388723	FALSE	7.69701982474694	FALSE	FALSE	Exploratory pseudobulk programme candidate; not a standalone biomarker claim	3	5	1.59778743446267
RM_decidua_vs_Control_decidua	RM decidua versus control decidua	up_in_group_a	46	ENSG00000088986	DYNLL1	9.06782538737005	8.75537667324613	0.312448714123912	1.49526848232221	4.98175638898206	FALSE	9.06782538737005	FALSE	FALSE	Exploratory pseudobulk programme candidate; not a standalone biomarker claim	3	5	1.49526848232221
RM_decidua_vs_Control_decidua	RM decidua versus control decidua	up_in_group_a	47	ENSG00000129226	CD68	8.62602319677015	6.72057603452168	1.90544716224848	1.5221664612384	4.97282634652515	TRUE	8.62602319677015	FALSE	FALSE	Exploratory pseudobulk programme candidate; not a standalone biomarker claim	3	5	1.5221664612384
RM_decidua_vs_Control_decidua	RM decidua versus control decidua	up_in_group_a	48	ENSG00000163563	MNDA	6.4764830897017	4.52085158384994	1.95563150585177	1.71297837253782	4.97167955166129	FALSE	6.4764830897017	FALSE	FALSE	Exploratory pseudobulk programme candidate; not a standalone biomarker claim	3	5	1.71297837253782
RM_decidua_vs_Control_decidua	RM decidua versus control decidua	up_in_group_a	49	ENSG00000169756	LIMS1	7.94114683534242	7.25160080659169	0.689546028750734	1.57007001939108	4.9621433214339	FALSE	7.94114683534242	FALSE	FALSE	Exploratory pseudobulk programme candidate; not a standalone biomarker claim	3	5	1.57007001939108
RM_decidua_vs_Control_decidua	RM decidua versus control decidua	up_in_group_a	50	ENSG00000106066	CPVL	7.54391484701982	6.06740830721916	1.47650653980066	1.60328666803815	4.96200752948254	FALSE	7.54391484701982	FALSE	FALSE	Exploratory pseudobulk programme candidate; not a standalone biomarker claim	3	5	1.60328666803815
RM_villi_vs_Control_villi	RM villi versus control villi	down_in_group_a	1	ENSG00000003436	TFPI	8.66140912429105	10.4660990006276	-1.80468987633657	-1.60888414972405	5.66215038940713	FALSE	10.4660990006276	FALSE	FALSE	Exploratory pseudobulk programme candidate; not a standalone biomarker claim	3	5	1.60888414972405
RM_villi_vs_Control_villi	RM villi versus control villi	down_in_group_a	2	ENSG00000122565	CBX3	7.38339039067416	8.03944889541556	-0.656058504741401	-1.68853768784393	5.36319219747732	FALSE	8.03944889541556	FALSE	FALSE	Exploratory pseudobulk programme candidate; not a standalone biomarker claim	3	5	1.68853768784393
RM_villi_vs_Control_villi	RM villi versus control villi	down_in_group_a	3	ENSG00000169715	MT1E	6.27910282813511	8.44573921533515	-2.16663638720004	-1.65427691800922	5.35930088944397	FALSE	8.44573921533515	FALSE	FALSE	Exploratory pseudobulk programme candidate; not a standalone biomarker claim	3	5	1.65427691800922
RM_villi_vs_Control_villi	RM villi versus control villi	down_in_group_a	4	ENSG00000187498	COL4A1	8.89459546205357	10.6864563464451	-1.79186088439155	-1.45185471548672	5.1493883994584	FALSE	10.6864563464451	FALSE	FALSE	Exploratory pseudobulk programme candidate; not a standalone biomarker claim	3	5	1.45185471548672
RM_villi_vs_Control_villi	RM villi versus control villi	down_in_group_a	5	ENSG00000070404	FSTL3	8.10698599039783	10.8910034838967	-2.78401749349887	-1.43836864398284	5.13756305765483	FALSE	10.8910034838967	FALSE	FALSE	Exploratory pseudobulk programme candidate; not a standalone biomarker claim	3	5	1.43836864398284
RM_villi_vs_Control_villi	RM villi versus control villi	down_in_group_a	6	ENSG00000141526	SLC16A3	7.58236321847264	9.0075170207606	-1.42515380228796	-1.53093913437459	5.08732936640181	FALSE	9.0075170207606	FALSE	FALSE	Exploratory pseudobulk programme candidate; not a standalone biomarker claim	3	5	1.53093913437459
RM_villi_vs_Control_villi	RM villi versus control villi	down_in_group_a	7	ENSG00000108106	UBE2S	6.48067097151646	7.30315943165441	-0.822488460137949	-1.66172323125312	5.07433842737495	FALSE	7.30315943165441	FALSE	FALSE	Exploratory pseudobulk programme candidate; not a standalone biomarker claim	3	5	1.66172323125312
RM_villi_vs_Control_villi	RM villi versus control villi	down_in_group_a	8	ENSG00000108953	YWHAE	8.2639036312507	8.68438030267305	-0.420476671422344	-1.54349170936573	5.05595364312823	FALSE	8.68438030267305	FALSE	FALSE	Exploratory pseudobulk programme candidate; not a standalone biomarker claim	3	5	1.54349170936573
RM_villi_vs_Control_villi	RM villi versus control villi	down_in_group_a	9	ENSG00000129757	CDKN1C	10.1970120918468	11.9160128741188	-1.71900078227197	-1.35796257168596	5.01236054640505	FALSE	11.9160128741188	FALSE	FALSE	Exploratory pseudobulk programme candidate; not a standalone biomarker claim	3	5	1.35796257168596
RM_villi_vs_Control_villi	RM villi versus control villi	down_in_group_a	10	ENSG00000124749	COL21A1	3.99277272707129	6.35808494334325	-2.36531221627196	-1.72926657444294	4.97912969851415	FALSE	6.35808494334325	FALSE	FALSE	Exploratory pseudobulk programme candidate; not a standalone biomarker claim	3	5	1.72926657444294
RM_villi_vs_Control_villi	RM villi versus control villi	down_in_group_a	11	ENSG00000132341	RAN	8.53893279052068	9.0163219054436	-0.477389114922922	-1.49065587832212	4.95535890722842	FALSE	9.0163219054436	FALSE	FALSE	Exploratory pseudobulk programme candidate; not a standalone biomarker claim	3	5	1.49065587832212
RM_villi_vs_Control_villi	RM villi versus control villi	down_in_group_a	12	ENSG00000160932	LY6E	9.02136542965261	10.227241044092	-1.2058756144394	-1.41878330452129	4.95003782195293	FALSE	10.227241044092	FALSE	FALSE	Exploratory pseudobulk programme candidate; not a standalone biomarker claim	3	5	1.41878330452129
RM_villi_vs_Control_villi	RM villi versus control villi	down_in_group_a	13	ENSG00000142694	EVA1B	6.86792813968151	8.009882726631	-1.14195458694949	-1.56011283561429	4.9479108506528	FALSE	8.009882726631	FALSE	FALSE	Exploratory pseudobulk programme candidate; not a standalone biomarker claim	3	5	1.56011283561429
RM_villi_vs_Control_villi	RM villi versus control villi	down_in_group_a	14	ENSG00000140905	GCSH	6.83599979982187	8.79256213727061	-1.95656233744874	-1.50251508902567	4.94580845070741	FALSE	8.79256213727061	FALSE	FALSE	Exploratory pseudobulk programme candidate; not a standalone biomarker claim	3	5	1.50251508902567
RM_villi_vs_Control_villi	RM villi versus control villi	down_in_group_a	15	ENSG00000167618	LAIR2	7.58782116594507	11.2413565431229	-3.65353537717785	-1.36640115158999	4.93775227635613	FALSE	11.2413565431229	FALSE	FALSE	Exploratory pseudobulk programme candidate; not a standalone biomarker claim	3	5	1.36640115158999
RM_villi_vs_Control_villi	RM villi versus control villi	down_in_group_a	16	ENSG00000124006	OBSL1	4.70787697203042	6.02417259972172	-1.31629562769129	-1.75004312577596	4.92169580108984	FALSE	6.02417259972172	FALSE	FALSE	Exploratory pseudobulk programme candidate; not a standalone biomarker claim	3	5	1.75004312577596
RM_villi_vs_Control_villi	RM villi versus control villi	down_in_group_a	17	ENSG00000108829	LRRC59	6.42037563972753	6.91530290727075	-0.494927267543221	-1.64430006898602	4.90765125802042	FALSE	6.91530290727075	FALSE	FALSE	Exploratory pseudobulk programme candidate; not a standalone biomarker claim	3	5	1.64430006898602
RM_villi_vs_Control_villi	RM villi versus control villi	down_in_group_a	18	ENSG00000137507	LRRC32	4.36805480257293	6.74006481427636	-2.37201001170344	-1.65831768935177	4.89592701209319	FALSE	6.74006481427636	FALSE	FALSE	Exploratory pseudobulk programme candidate; not a standalone biomarker claim	3	5	1.65831768935177
RM_villi_vs_Control_villi	RM villi versus control villi	down_in_group_a	19	ENSG00000051620	HEBP2	7.48844553485302	8.07094588702731	-0.582500352174294	-1.53653115334017	4.88809433788878	FALSE	8.07094588702731	FALSE	FALSE	Exploratory pseudobulk programme candidate; not a standalone biomarker claim	3	5	1.53653115334017
RM_villi_vs_Control_villi	RM villi versus control villi	down_in_group_a	20	ENSG00000104827	CGB3	4.59498047775549	9.3255679429793	-4.73058746522381	-1.45049553778435	4.88548543171722	TRUE	9.3255679429793	FALSE	FALSE	Exploratory pseudobulk programme candidate; not a standalone biomarker claim	3	5	1.45049553778435
RM_villi_vs_Control_villi	RM villi versus control villi	down_in_group_a	21	ENSG00000179218	CALR	9.5484751445027	10.3674614732823	-0.8189863287796	-1.39051428056621	4.87630860977977	FALSE	10.3674614732823	FALSE	FALSE	Exploratory pseudobulk programme candidate; not a standalone biomarker claim	3	5	1.39051428056621
RM_villi_vs_Control_villi	RM villi versus control villi	down_in_group_a	22	ENSG00000120265	PCMT1	6.24953915653978	6.76249496562821	-0.512955809088425	-1.64119625902896	4.85223026563881	FALSE	6.76249496562821	FALSE	FALSE	Exploratory pseudobulk programme candidate; not a standalone biomarker claim	3	5	1.64119625902896
RM_villi_vs_Control_villi	RM villi versus control villi	down_in_group_a	23	ENSG00000198355	PIM3	6.24795071175359	7.293299179911	-1.04534846815741	-1.58960104450753	4.85137676929808	FALSE	7.293299179911	FALSE	FALSE	Exploratory pseudobulk programme candidate; not a standalone biomarker claim	3	5	1.58960104450753
RM_villi_vs_Control_villi	RM villi versus control villi	down_in_group_a	24	ENSG00000170542	SERPINB9	5.6864087937803	6.84461008928506	-1.15820129550476	-1.63005030587558	4.84402333164962	FALSE	6.84461008928506	FALSE	FALSE	Exploratory pseudobulk programme candidate; not a standalone biomarker claim	3	5	1.63005030587558
RM_villi_vs_Control_villi	RM villi versus control villi	down_in_group_a	25	ENSG00000101000	PROCR	5.649689719107	6.43420317705076	-0.784513457943753	-1.67150661693035	4.83763787422346	FALSE	6.43420317705076	FALSE	FALSE	Exploratory pseudobulk programme candidate; not a standalone biomarker claim	3	5	1.67150661693035
RM_villi_vs_Control_villi	RM villi versus control villi	down_in_group_a	26	ENSG00000184182	UBE2F	6.32556887391526	6.81793140450325	-0.492362530587989	-1.62919527738114	4.83347524932093	FALSE	6.81793140450325	FALSE	FALSE	Exploratory pseudobulk programme candidate; not a standalone biomarker claim	3	5	1.62919527738114
RM_villi_vs_Control_villi	RM villi versus control villi	down_in_group_a	27	ENSG00000140511	HAPLN3	5.01366226969809	8.04503508578956	-3.03137281609147	-1.51655429761735	4.81828423964285	FALSE	8.04503508578956	FALSE	FALSE	Exploratory pseudobulk programme candidate; not a standalone biomarker claim	3	5	1.51655429761735
RM_villi_vs_Control_villi	RM villi versus control villi	down_in_group_a	28	ENSG00000134057	CCNB1	5.52839558029102	8.11158477699761	-2.58318919670659	-1.50743499293436	4.80525354735047	FALSE	8.11158477699761	FALSE	FALSE	Exploratory pseudobulk programme candidate; not a standalone biomarker claim	3	5	1.50743499293436
RM_villi_vs_Control_villi	RM villi versus control villi	down_in_group_a	29	ENSG00000101187	SLCO4A1	4.48955575092802	7.03582749523467	-2.54627174430664	-1.59575166660018	4.79754216312874	FALSE	7.03582749523467	FALSE	FALSE	Exploratory pseudobulk programme candidate; not a standalone biomarker claim	3	5	1.59575166660018
RM_villi_vs_Control_villi	RM villi versus control villi	down_in_group_a	30	ENSG00000099901	RANBP1	7.09713478753461	8.03317169840436	-0.936036910869754	-1.50665444607521	4.78397836101987	FALSE	8.03317169840436	FALSE	FALSE	Exploratory pseudobulk programme candidate; not a standalone biomarker claim	3	5	1.50665444607521
RM_villi_vs_Control_villi	RM villi versus control villi	down_in_group_a	31	ENSG00000120675	DNAJC15	7.0869654301372	7.73480211840566	-0.647836688268461	-1.5262253396342	4.7721632670719	FALSE	7.73480211840566	FALSE	FALSE	Exploratory pseudobulk programme candidate; not a standalone biomarker claim	3	5	1.5262253396342
RM_villi_vs_Control_villi	RM villi versus control villi	down_in_group_a	32	ENSG00000164104	HMGB2	7.31644878681049	8.31247991140296	-0.996031124592472	-1.48234046646287	4.77189915300187	FALSE	8.31247991140296	FALSE	FALSE	Exploratory pseudobulk programme candidate; not a standalone biomarker claim	3	5	1.48234046646287
RM_villi_vs_Control_villi	RM villi versus control villi	down_in_group_a	33	ENSG00000167815	PRDX2	7.45103630717395	9.25616092482355	-1.8051246176496	-1.41833444037272	4.76336118938853	FALSE	9.25616092482355	FALSE	FALSE	Exploratory pseudobulk programme candidate; not a standalone biomarker claim	3	5	1.41833444037272
RM_villi_vs_Control_villi	RM villi versus control villi	down_in_group_a	34	ENSG00000187193	MT1X	6.08805368554142	8.0293173402019	-1.94126365466048	-1.50011639325236	4.76229487971083	FALSE	8.0293173402019	FALSE	FALSE	Exploratory pseudobulk programme candidate; not a standalone biomarker claim	3	5	1.50011639325236
RM_villi_vs_Control_villi	RM villi versus control villi	down_in_group_a	35	ENSG00000205581	HMGN1	8.25466664755068	8.5437244782786	-0.289057830727916	-1.46173738646537	4.75730091033846	FALSE	8.5437244782786	FALSE	FALSE	Exploratory pseudobulk programme candidate; not a standalone biomarker claim	3	5	1.46173738646537
RM_villi_vs_Control_villi	RM villi versus control villi	down_in_group_a	36	ENSG00000165119	HNRNPK	8.25598134287425	8.59511295836281	-0.339131615488562	-1.45785456295286	4.75595863549344	FALSE	8.59511295836281	FALSE	FALSE	Exploratory pseudobulk programme candidate; not a standalone biomarker claim	3	5	1.45785456295286
RM_villi_vs_Control_villi	RM villi versus control villi	down_in_group_a	37	ENSG00000171848	RRM2	4.77067309691775	6.80294699237344	-2.03227389545569	-1.60378973493242	4.75366340576098	FALSE	6.80294699237344	FALSE	FALSE	Exploratory pseudobulk programme candidate; not a standalone biomarker claim	3	5	1.60378973493242
RM_villi_vs_Control_villi	RM villi versus control villi	down_in_group_a	38	ENSG00000169495	HTRA4	6.74336149161956	9.19618006370073	-2.45281857208117	-1.41835044312662	4.75141278472444	FALSE	9.19618006370073	FALSE	FALSE	Exploratory pseudobulk programme candidate; not a standalone biomarker claim	3	5	1.41835044312662
RM_villi_vs_Control_villi	RM villi versus control villi	down_in_group_a	39	ENSG00000017797	RALBP1	7.8655469627568	9.214280177942	-1.3487332151852	-1.41502351159789	4.74388844334284	FALSE	9.214280177942	FALSE	FALSE	Exploratory pseudobulk programme candidate; not a standalone biomarker claim	3	5	1.41502351159789
RM_villi_vs_Control_villi	RM villi versus control villi	down_in_group_a	40	ENSG00000172270	BSG	8.19427715298556	8.72930893053665	-0.535031777551088	-1.44288853466193	4.73604690686241	FALSE	8.72930893053665	FALSE	FALSE	Exploratory pseudobulk programme candidate; not a standalone biomarker claim	3	5	1.44288853466193
RM_villi_vs_Control_villi	RM villi versus control villi	down_in_group_a	41	ENSG00000134871	COL4A2	8.42505226896008	9.77610527071371	-1.35105300175363	-1.37819980098623	4.72689998562274	FALSE	9.77610527071371	FALSE	FALSE	Exploratory pseudobulk programme candidate; not a standalone biomarker claim	3	5	1.37819980098623
RM_villi_vs_Control_villi	RM villi versus control villi	down_in_group_a	42	ENSG00000198417	MT1F	5.16213441959087	6.85524077492123	-1.69310635533036	-1.58938242126582	4.72627577377797	FALSE	6.85524077492123	FALSE	FALSE	Exploratory pseudobulk programme candidate; not a standalone biomarker claim	3	5	1.58938242126582
RM_villi_vs_Control_villi	RM villi versus control villi	down_in_group_a	43	ENSG00000160886	LY6K	4.48682438866652	7.28916888592794	-2.80234449726142	-1.54678462087645	4.71959170537275	FALSE	7.28916888592794	FALSE	FALSE	Exploratory pseudobulk programme candidate; not a standalone biomarker claim	3	5	1.54678462087645
RM_villi_vs_Control_villi	RM villi versus control villi	down_in_group_a	44	ENSG00000105401	CDC37	7.09192884868851	7.61324559981099	-0.521316751122484	-1.5190005065957	4.71886160990459	FALSE	7.61324559981099	FALSE	FALSE	Exploratory pseudobulk programme candidate; not a standalone biomarker claim	3	5	1.5190005065957
RM_villi_vs_Control_villi	RM villi versus control villi	down_in_group_a	45	ENSG00000133026	MYH10	5.87059391830518	7.59183144060364	-1.72123752229846	-1.51883790568314	4.71290190999977	FALSE	7.59183144060364	FALSE	FALSE	Exploratory pseudobulk programme candidate; not a standalone biomarker claim	3	5	1.51883790568314
RM_villi_vs_Control_villi	RM villi versus control villi	down_in_group_a	46	ENSG00000262406	MMP12	4.1563267027527	8.27280801259101	-4.11648130983831	-1.46293244853095	4.70041115191168	FALSE	8.27280801259101	FALSE	FALSE	Exploratory pseudobulk programme candidate; not a standalone biomarker claim	3	5	1.46293244853095
RM_villi_vs_Control_villi	RM villi versus control villi	down_in_group_a	47	ENSG00000070423	RNF126	5.04127943846999	5.71131131625958	-0.670031877789589	-1.70939172044967	4.69500620658127	FALSE	5.71131131625958	FALSE	FALSE	Exploratory pseudobulk programme candidate; not a standalone biomarker claim	3	5	1.70939172044967
RM_villi_vs_Control_villi	RM villi versus control villi	down_in_group_a	48	ENSG00000143641	GALNT2	5.39039862919525	6.66842130714423	-1.27802267794898	-1.59695544258691	4.69333962268075	FALSE	6.66842130714423	FALSE	FALSE	Exploratory pseudobulk programme candidate; not a standalone biomarker claim	3	5	1.59695544258691
RM_villi_vs_Control_villi	RM villi versus control villi	down_in_group_a	49	ENSG00000196526	AFAP1	5.49682506953648	7.4151033759881	-1.91827830645162	-1.52721914706235	4.69311541345511	FALSE	7.4151033759881	FALSE	FALSE	Exploratory pseudobulk programme candidate; not a standalone biomarker claim	3	5	1.52721914706235
RM_villi_vs_Control_villi	RM villi versus control villi	down_in_group_a	50	ENSG00000169583	CLIC3	7.39235111763399	9.54934500349357	-2.15699388585957	-1.38023802894712	4.69154157926	FALSE	9.54934500349357	FALSE	FALSE	Exploratory pseudobulk programme candidate; not a standalone biomarker claim	3	5	1.38023802894712
RM_villi_vs_Control_villi	RM villi versus control villi	up_in_group_a	1	ENSG00000158195	WASF2	7.56982445854576	7.08153562173004	0.488288836815726	1.90000922425723	5.88863332903171	FALSE	7.56982445854576	FALSE	FALSE	Exploratory pseudobulk programme candidate; not a standalone biomarker claim	3	5	1.90000922425723
RM_villi_vs_Control_villi	RM villi versus control villi	up_in_group_a	2	ENSG00000173812	EIF1	10.4715866700827	9.86139905756288	0.610187612519859	1.54554468846668	5.44030655195423	FALSE	10.4715866700827	FALSE	FALSE	Exploratory pseudobulk programme candidate; not a standalone biomarker claim	3	5	1.54554468846668
RM_villi_vs_Control_villi	RM villi versus control villi	up_in_group_a	3	ENSG00000163956	LRPAP1	7.68270048167017	7.09027276057734	0.592427721092838	1.72228070937968	5.37031894596453	FALSE	7.68270048167017	FALSE	FALSE	Exploratory pseudobulk programme candidate; not a standalone biomarker claim	3	5	1.72228070937968
RM_villi_vs_Control_villi	RM villi versus control villi	up_in_group_a	4	ENSG00000204525	HLA-C	10.4726181490305	8.50685790521862	1.96576024381184	1.52191135048565	5.35731478216451	FALSE	10.4726181490305	FALSE	FALSE	Exploratory pseudobulk programme candidate; not a standalone biomarker claim	3	5	1.52191135048565
RM_villi_vs_Control_villi	RM villi versus control villi	up_in_group_a	5	ENSG00000002586	CD99	7.88777439350776	6.54395098743898	1.34382340606879	1.69754098610111	5.35034735852212	FALSE	7.88777439350776	FALSE	FALSE	Exploratory pseudobulk programme candidate; not a standalone biomarker claim	3	5	1.69754098610111
RM_villi_vs_Control_villi	RM villi versus control villi	up_in_group_a	6	ENSG00000110651	CD81	9.69421816606763	8.13443733254507	1.55978083352255	1.55845164999286	5.32797077365954	FALSE	9.69421816606763	FALSE	FALSE	Exploratory pseudobulk programme candidate; not a standalone biomarker claim	3	5	1.55845164999286
RM_villi_vs_Control_villi	RM villi versus control villi	up_in_group_a	7	ENSG00000084234	APLP2	8.85219847046157	7.991549343236	0.860649127225577	1.61028948641002	5.3146729965511	FALSE	8.85219847046157	FALSE	FALSE	Exploratory pseudobulk programme candidate; not a standalone biomarker claim	3	5	1.61028948641002
RM_villi_vs_Control_villi	RM villi versus control villi	up_in_group_a	8	ENSG00000205542	TMSB4X	12.4905404374167	9.49391620375255	2.99662423366415	1.4115312219478	5.29871351520642	FALSE	12.4905404374167	FALSE	FALSE	Exploratory pseudobulk programme candidate; not a standalone biomarker claim	3	5	1.4115312219478
RM_villi_vs_Control_villi	RM villi versus control villi	up_in_group_a	9	ENSG00000101745	ANKRD12	6.85082107738955	6.14685876415937	0.703962313230182	1.77733245514487	5.28373131841126	FALSE	6.85082107738955	FALSE	FALSE	Exploratory pseudobulk programme candidate; not a standalone biomarker claim	3	5	1.77733245514487
RM_villi_vs_Control_villi	RM villi versus control villi	up_in_group_a	10	ENSG00000092841	MYL6	10.9188279738525	10.3978341652861	0.520993808566388	1.45519488270795	5.20256977518818	FALSE	10.9188279738525	FALSE	FALSE	Exploratory pseudobulk programme candidate; not a standalone biomarker claim	3	5	1.45519488270795
RM_villi_vs_Control_villi	RM villi versus control villi	up_in_group_a	11	ENSG00000151914	DST	6.78938851146028	5.21153616938767	1.57785234207261	1.75541210575396	5.19867064079704	FALSE	6.78938851146028	FALSE	FALSE	Exploratory pseudobulk programme candidate; not a standalone biomarker claim	3	5	1.75541210575396
RM_villi_vs_Control_villi	RM villi versus control villi	up_in_group_a	12	ENSG00000123349	PFDN5	9.60516164869866	9.08757751909158	0.517584129607087	1.5239514814501	5.1916374442666	FALSE	9.60516164869866	FALSE	FALSE	Exploratory pseudobulk programme candidate; not a standalone biomarker claim	3	5	1.5239514814501
RM_villi_vs_Control_villi	RM villi versus control villi	up_in_group_a	13	ENSG00000157500	APPL1	6.20368471023947	5.76659186374536	0.437092846494108	1.81760884944738	5.17788601656653	FALSE	6.20368471023947	FALSE	FALSE	Exploratory pseudobulk programme candidate; not a standalone biomarker claim	3	5	1.81760884944738
RM_villi_vs_Control_villi	RM villi versus control villi	up_in_group_a	14	ENSG00000128699	ORMDL1	6.44616820294659	5.79128157525526	0.654886627691331	1.78515893054745	5.17070963953657	FALSE	6.44616820294659	FALSE	FALSE	Exploratory pseudobulk programme candidate; not a standalone biomarker claim	3	5	1.78515893054745
RM_villi_vs_Control_villi	RM villi versus control villi	up_in_group_a	15	ENSG00000159140	SON	7.95469254114371	7.55438737472422	0.400305166419488	1.62619303232928	5.14306947100762	FALSE	7.95469254114371	FALSE	FALSE	Exploratory pseudobulk programme candidate; not a standalone biomarker claim	3	5	1.62619303232928
RM_villi_vs_Control_villi	RM villi versus control villi	up_in_group_a	16	ENSG00000263001	GTF2I	7.05519096498498	6.29507105628233	0.76011990870265	1.70057252079174	5.11858518648855	FALSE	7.05519096498498	FALSE	FALSE	Exploratory pseudobulk programme candidate; not a standalone biomarker claim	3	5	1.70057252079174
RM_villi_vs_Control_villi	RM villi versus control villi	up_in_group_a	17	ENSG00000125971	DYNLRB1	7.41833525921566	7.03681714922423	0.381518109991423	1.66149872143701	5.10667441627451	FALSE	7.41833525921566	FALSE	FALSE	Exploratory pseudobulk programme candidate; not a standalone biomarker claim	3	5	1.66149872143701
RM_villi_vs_Control_villi	RM villi versus control villi	up_in_group_a	18	ENSG00000128294	TPST2	5.67429101660421	4.94661633677941	0.7276746798248	1.85325812399082	5.07535974329372	FALSE	5.67429101660421	FALSE	FALSE	Exploratory pseudobulk programme candidate; not a standalone biomarker claim	3	5	1.85325812399082
RM_villi_vs_Control_villi	RM villi versus control villi	up_in_group_a	19	ENSG00000100106	TRIOBP	6.21330768973927	5.60920657557031	0.604101114168953	1.77698677868195	5.06558684442503	FALSE	6.21330768973927	FALSE	FALSE	Exploratory pseudobulk programme candidate; not a standalone biomarker claim	3	5	1.77698677868195
RM_villi_vs_Control_villi	RM villi versus control villi	up_in_group_a	20	ENSG00000091317	CMTM6	6.99946470360605	6.4073682799908	0.592096423615249	1.68723200487448	5.06153313445688	FALSE	6.99946470360605	FALSE	FALSE	Exploratory pseudobulk programme candidate; not a standalone biomarker claim	3	5	1.68723200487448
RM_villi_vs_Control_villi	RM villi versus control villi	up_in_group_a	21	ENSG00000173821	RNF213	7.27100093352869	6.04088540261701	1.23011553091168	1.64387045318698	5.01061894769535	FALSE	7.27100093352869	FALSE	FALSE	Exploratory pseudobulk programme candidate; not a standalone biomarker claim	3	5	1.64387045318698
RM_villi_vs_Control_villi	RM villi versus control villi	up_in_group_a	22	ENSG00000169100	SLC25A6	8.94937171436069	8.62626936989636	0.323102344464335	1.50202484273295	4.97861969195606	FALSE	8.94937171436069	FALSE	FALSE	Exploratory pseudobulk programme candidate; not a standalone biomarker claim	3	5	1.50202484273295
RM_villi_vs_Control_villi	RM villi versus control villi	up_in_group_a	23	ENSG00000176046	NUPR1	8.07268999623518	6.439397114826	1.63329288140918	1.56397385624912	4.97583031262526	FALSE	8.07268999623518	FALSE	FALSE	Exploratory pseudobulk programme candidate; not a standalone biomarker claim	3	5	1.56397385624912
RM_villi_vs_Control_villi	RM villi versus control villi	up_in_group_a	24	ENSG00000139218	SCAF11	7.35820587807465	6.97500382985726	0.383202048217389	1.61445638718627	4.94539198085757	FALSE	7.35820587807465	FALSE	FALSE	Exploratory pseudobulk programme candidate; not a standalone biomarker claim	3	5	1.61445638718627
RM_villi_vs_Control_villi	RM villi versus control villi	up_in_group_a	25	ENSG00000101439	CST3	10.012478607934	8.12600596332458	1.88647264460942	1.42546855474693	4.93364261848829	FALSE	10.012478607934	FALSE	FALSE	Exploratory pseudobulk programme candidate; not a standalone biomarker claim	3	5	1.42546855474693
RM_villi_vs_Control_villi	RM villi versus control villi	up_in_group_a	26	ENSG00000166326	TRIM44	5.99103986588545	5.50783452805505	0.483205337830393	1.75762824346653	4.93103844917638	FALSE	5.99103986588545	FALSE	FALSE	Exploratory pseudobulk programme candidate; not a standalone biomarker claim	3	5	1.75762824346653
RM_villi_vs_Control_villi	RM villi versus control villi	up_in_group_a	27	ENSG00000146066	HIGD2A	7.29272799010058	6.56240879071444	0.730319199386145	1.61316052818089	4.92311874943351	FALSE	7.29272799010058	FALSE	FALSE	Exploratory pseudobulk programme candidate; not a standalone biomarker claim	3	5	1.61316052818089
RM_villi_vs_Control_villi	RM villi versus control villi	up_in_group_a	28	ENSG00000196154	S100A4	9.18069020727745	7.75057830629615	1.4301119009813	1.46707194979024	4.91140987868971	FALSE	9.18069020727745	FALSE	FALSE	Exploratory pseudobulk programme candidate; not a standalone biomarker claim	3	5	1.46707194979024
RM_villi_vs_Control_villi	RM villi versus control villi	up_in_group_a	29	ENSG00000026025	VIM	11.2263571077113	8.3236914745003	2.902665633211	1.35761949575433	4.90361668280584	FALSE	11.2263571077113	FALSE	FALSE	Exploratory pseudobulk programme candidate; not a standalone biomarker claim	3	5	1.35761949575433
RM_villi_vs_Control_villi	RM villi versus control villi	up_in_group_a	30	ENSG00000172466	ZNF24	5.66330328674172	5.24110641960202	0.422196867139705	1.79102637111101	4.9006736289654	FALSE	5.66330328674172	FALSE	FALSE	Exploratory pseudobulk programme candidate; not a standalone biomarker claim	3	5	1.79102637111101
RM_villi_vs_Control_villi	RM villi versus control villi	up_in_group_a	31	ENSG00000133703	KRAS	6.01868033400755	5.30496528992592	0.713715044081633	1.74292356936316	4.89970638557757	FALSE	6.01868033400755	FALSE	FALSE	Exploratory pseudobulk programme candidate; not a standalone biomarker claim	3	5	1.74292356936316
RM_villi_vs_Control_villi	RM villi versus control villi	up_in_group_a	32	ENSG00000183255	PTTG1IP	7.3525356691412	6.72219758371668	0.630338085424527	1.59953023504798	4.89810426073913	FALSE	7.3525356691412	FALSE	FALSE	Exploratory pseudobulk programme candidate; not a standalone biomarker claim	3	5	1.59953023504798
RM_villi_vs_Control_villi	RM villi versus control villi	up_in_group_a	33	ENSG00000182196	ARL6IP4	7.56403909878453	7.26713523937496	0.296903859409574	1.57737432432049	4.88716527571303	FALSE	7.56403909878453	FALSE	FALSE	Exploratory pseudobulk programme candidate; not a standalone biomarker claim	3	5	1.57737432432049
RM_villi_vs_Control_villi	RM villi versus control villi	up_in_group_a	34	ENSG00000132475	H3F3B	9.78977233415809	9.24372391796525	0.546048416192845	1.42285975582629	4.88267489360716	FALSE	9.78977233415809	FALSE	FALSE	Exploratory pseudobulk programme candidate; not a standalone biomarker claim	3	5	1.42285975582629
RM_villi_vs_Control_villi	RM villi versus control villi	up_in_group_a	35	ENSG00000139112	GABARAPL1	6.96211210884593	5.39533846702673	1.5667736418192	1.62320154061203	4.85848761499837	FALSE	6.96211210884593	FALSE	FALSE	Exploratory pseudobulk programme candidate; not a standalone biomarker claim	3	5	1.62320154061203
RM_villi_vs_Control_villi	RM villi versus control villi	up_in_group_a	36	ENSG00000148450	MSRB2	6.34051168086752	5.71355542837884	0.626956252488681	1.68607451246442	4.84894903399154	FALSE	6.34051168086752	FALSE	FALSE	Exploratory pseudobulk programme candidate; not a standalone biomarker claim	3	5	1.68607451246442
RM_villi_vs_Control_villi	RM villi versus control villi	up_in_group_a	37	ENSG00000153113	CAST	7.9479574284441	7.38707150043106	0.560885928013041	1.53207631374909	4.84374872772361	FALSE	7.9479574284441	FALSE	FALSE	Exploratory pseudobulk programme candidate; not a standalone biomarker claim	3	5	1.53207631374909
RM_villi_vs_Control_villi	RM villi versus control villi	up_in_group_a	38	ENSG00000082074	FYB1	7.71008521266831	6.96185344581894	0.748231766849371	1.54789778503292	4.83360003229805	FALSE	7.71008521266831	FALSE	FALSE	Exploratory pseudobulk programme candidate; not a standalone biomarker claim	3	5	1.54789778503292
RM_villi_vs_Control_villi	RM villi versus control villi	up_in_group_a	39	ENSG00000160310	PRMT2	6.25182572028484	5.40652791365459	0.845297806630246	1.68725910770972	4.82276737534166	FALSE	6.25182572028484	FALSE	FALSE	Exploratory pseudobulk programme candidate; not a standalone biomarker claim	3	5	1.68725910770972
RM_villi_vs_Control_villi	RM villi versus control villi	up_in_group_a	40	ENSG00000109861	CTSC	8.68791438042788	7.35722944913971	1.33068493128817	1.47198341937826	4.82249163990018	FALSE	8.68791438042788	FALSE	FALSE	Exploratory pseudobulk programme candidate; not a standalone biomarker claim	3	5	1.47198341937826
RM_villi_vs_Control_villi	RM villi versus control villi	up_in_group_a	41	ENSG00000131626	PPFIA1	6.05948949368064	5.55265516109017	0.506834332590471	1.70761450368209	4.81472813953633	FALSE	6.05948949368064	FALSE	FALSE	Exploratory pseudobulk programme candidate; not a standalone biomarker claim	3	5	1.70761450368209
RM_villi_vs_Control_villi	RM villi versus control villi	up_in_group_a	42	ENSG00000186660	ZFP91	5.87947259455799	5.49174852038217	0.387724074175819	1.72598458850825	4.80220341151909	FALSE	5.87947259455799	FALSE	FALSE	Exploratory pseudobulk programme candidate; not a standalone biomarker claim	3	5	1.72598458850825
RM_villi_vs_Control_villi	RM villi versus control villi	up_in_group_a	43	ENSG00000173193	PARP14	7.00220350996844	6.28857629678555	0.713627213182894	1.60020311822494	4.80124514641273	FALSE	7.00220350996844	FALSE	FALSE	Exploratory pseudobulk programme candidate; not a standalone biomarker claim	3	5	1.60020311822494
RM_villi_vs_Control_villi	RM villi versus control villi	up_in_group_a	44	ENSG00000123595	RAB9A	5.86839170272908	5.29878290966066	0.569608793068425	1.7270223071617	4.80107420688888	FALSE	5.86839170272908	FALSE	FALSE	Exploratory pseudobulk programme candidate; not a standalone biomarker claim	3	5	1.7270223071617
RM_villi_vs_Control_villi	RM villi versus control villi	up_in_group_a	45	ENSG00000225733	FGD5-AS1	5.72045248383793	5.19739946963689	0.523053014201041	1.7451199678683	4.79656409787021	FALSE	5.72045248383793	FALSE	FALSE	Exploratory pseudobulk programme candidate; not a standalone biomarker claim	3	5	1.7451199678683
RM_villi_vs_Control_villi	RM villi versus control villi	up_in_group_a	46	ENSG00000100554	ATP6V1D	6.4363025047437	5.97297180802954	0.463330696714167	1.65671296057151	4.79549724623744	FALSE	6.4363025047437	FALSE	FALSE	Exploratory pseudobulk programme candidate; not a standalone biomarker claim	3	5	1.65671296057151
RM_villi_vs_Control_villi	RM villi versus control villi	up_in_group_a	47	ENSG00000168172	HOOK3	6.22922000980066	5.76288292174948	0.466337088051181	1.67641877364412	4.78423094842934	FALSE	6.22922000980066	FALSE	FALSE	Exploratory pseudobulk programme candidate; not a standalone biomarker claim	3	5	1.67641877364412
RM_villi_vs_Control_villi	RM villi versus control villi	up_in_group_a	48	ENSG00000106245	BUD31	6.6550377449355	6.37865578169846	0.276381963237048	1.62685497540083	4.77711239071031	FALSE	6.6550377449355	FALSE	FALSE	Exploratory pseudobulk programme candidate; not a standalone biomarker claim	3	5	1.62685497540083
RM_villi_vs_Control_villi	RM villi versus control villi	up_in_group_a	49	ENSG00000168461	RAB31	7.07603053756115	5.44493787869781	1.63109265886333	1.5825702650365	4.76930712798166	FALSE	7.07603053756115	FALSE	FALSE	Exploratory pseudobulk programme candidate; not a standalone biomarker claim	3	5	1.5825702650365
RM_villi_vs_Control_villi	RM villi versus control villi	up_in_group_a	50	ENSG00000178234	GALNT11	5.15695835477867	4.04188978155239	1.11506857322628	1.81696658020528	4.76448212733601	FALSE	5.15695835477867	FALSE	FALSE	Exploratory pseudobulk programme candidate; not a standalone biomarker claim	3	5	1.81696658020528
