signature_id	contrast_id	direction	gene_rank	gene_id	gene_symbol	delta_log2CPM	z_effect	interpretation_boundary
RM_decidua_vs_Control_decidua_up	RM_decidua_vs_Control_decidua	up_in_group_a	1	ENSG00000258791	LINC00520	0.548578933709112	1.88406743389639	Exploratory pseudobulk programme candidate; not a standalone biomarker claim
RM_decidua_vs_Control_decidua_up	RM_decidua_vs_Control_decidua	up_in_group_a	2	ENSG00000188277	C15orf62	0.289357732021972	1.87607314979803	Exploratory pseudobulk programme candidate; not a standalone biomarker claim
RM_decidua_vs_Control_decidua_up	RM_decidua_vs_Control_decidua	up_in_group_a	3	ENSG00000177558	FAM187B	0.0341206740220624	1.87131208186222	Exploratory pseudobulk programme candidate; not a standalone biomarker claim
RM_decidua_vs_Control_decidua_up	RM_decidua_vs_Control_decidua	up_in_group_a	4	ENSG00000179914	ITLN1	1.07442286568532	1.86124853010251	Exploratory pseudobulk programme candidate; not a standalone biomarker claim
RM_decidua_vs_Control_decidua_up	RM_decidua_vs_Control_decidua	up_in_group_a	5	ENSG00000236846	AL359979.2	0.0209587036214746	1.85258262762096	Exploratory pseudobulk programme candidate; not a standalone biomarker claim
RM_decidua_vs_Control_decidua_up	RM_decidua_vs_Control_decidua	up_in_group_a	6	ENSG00000228952	LINC02041	0.0209587036214746	1.85258262762096	Exploratory pseudobulk programme candidate; not a standalone biomarker claim
RM_decidua_vs_Control_decidua_up	RM_decidua_vs_Control_decidua	up_in_group_a	7	ENSG00000167580	AQP2	0.0209587036214746	1.85258262762096	Exploratory pseudobulk programme candidate; not a standalone biomarker claim
RM_decidua_vs_Control_decidua_up	RM_decidua_vs_Control_decidua	up_in_group_a	8	ENSG00000157152	SYN2	0.248804061244555	1.84019770749927	Exploratory pseudobulk programme candidate; not a standalone biomarker claim
RM_decidua_vs_Control_decidua_up	RM_decidua_vs_Control_decidua	up_in_group_a	9	ENSG00000173546	CSPG4	0.618846467417974	1.83775517273167	Exploratory pseudobulk programme candidate; not a standalone biomarker claim
RM_decidua_vs_Control_decidua_up	RM_decidua_vs_Control_decidua	up_in_group_a	10	ENSG00000273110	AL162591.2	0.105054014519113	1.8291584970487	Exploratory pseudobulk programme candidate; not a standalone biomarker claim
RM_decidua_vs_Control_decidua_up	RM_decidua_vs_Control_decidua	up_in_group_a	11	ENSG00000260934	AC130456.5	0.0933338826590601	1.82641463334001	Exploratory pseudobulk programme candidate; not a standalone biomarker claim
RM_decidua_vs_Control_decidua_up	RM_decidua_vs_Control_decidua	up_in_group_a	12	ENSG00000100373	UPK3A	0.539124173215073	1.82517899902725	Exploratory pseudobulk programme candidate; not a standalone biomarker claim
RM_decidua_vs_Control_decidua_up	RM_decidua_vs_Control_decidua	up_in_group_a	13	ENSG00000137757	CASP5	0.713157425086946	1.8242535909913	Exploratory pseudobulk programme candidate; not a standalone biomarker claim
RM_decidua_vs_Control_decidua_up	RM_decidua_vs_Control_decidua	up_in_group_a	14	ENSG00000233896	PDYN-AS1	0.0573824134950505	1.82205484658534	Exploratory pseudobulk programme candidate; not a standalone biomarker claim
RM_decidua_vs_Control_decidua_up	RM_decidua_vs_Control_decidua	up_in_group_a	15	ENSG00000169385	RNASE2	1.94256761645211	1.81394178760917	Exploratory pseudobulk programme candidate; not a standalone biomarker claim
RM_decidua_vs_Control_decidua_up	RM_decidua_vs_Control_decidua	up_in_group_a	16	ENSG00000184344	GDF3	0.190196149207589	1.80820247366718	Exploratory pseudobulk programme candidate; not a standalone biomarker claim
RM_decidua_vs_Control_decidua_up	RM_decidua_vs_Control_decidua	up_in_group_a	17	ENSG00000102048	ASB9	0.445108727912706	1.80414551498778	Exploratory pseudobulk programme candidate; not a standalone biomarker claim
RM_decidua_vs_Control_decidua_up	RM_decidua_vs_Control_decidua	up_in_group_a	18	ENSG00000203757	OR6K3	0.0245497994236707	1.80308908008847	Exploratory pseudobulk programme candidate; not a standalone biomarker claim
RM_decidua_vs_Control_decidua_up	RM_decidua_vs_Control_decidua	up_in_group_a	19	ENSG00000229951	AC104695.2	0.567423390496816	1.79753584836294	Exploratory pseudobulk programme candidate; not a standalone biomarker claim
RM_decidua_vs_Control_decidua_up	RM_decidua_vs_Control_decidua	up_in_group_a	20	ENSG00000091732	ZC3HC1	0.311835521911055	1.79618651684204	Exploratory pseudobulk programme candidate; not a standalone biomarker claim
RM_decidua_vs_Control_decidua_up	RM_decidua_vs_Control_decidua	up_in_group_a	21	ENSG00000148840	PPRC1	0.3839548514011	1.79239324296239	Exploratory pseudobulk programme candidate; not a standalone biomarker claim
RM_decidua_vs_Control_decidua_up	RM_decidua_vs_Control_decidua	up_in_group_a	22	ENSG00000101997	CCDC22	0.445903600220923	1.78856920755898	Exploratory pseudobulk programme candidate; not a standalone biomarker claim
RM_decidua_vs_Control_decidua_up	RM_decidua_vs_Control_decidua	up_in_group_a	23	ENSG00000178718	RPP25	0.809971919586585	1.78765754228357	Exploratory pseudobulk programme candidate; not a standalone biomarker claim
RM_decidua_vs_Control_decidua_up	RM_decidua_vs_Control_decidua	up_in_group_a	24	ENSG00000282572	AC215522.2	0.197952239947145	1.78641366633721	Exploratory pseudobulk programme candidate; not a standalone biomarker claim
RM_decidua_vs_Control_decidua_up	RM_decidua_vs_Control_decidua	up_in_group_a	25	ENSG00000250584	LINC01511	0.0392073265294898	1.78422363958477	Exploratory pseudobulk programme candidate; not a standalone biomarker claim
RM_decidua_vs_Control_decidua_up	RM_decidua_vs_Control_decidua	up_in_group_a	26	ENSG00000171992	SYNPO	1.12461352414737	1.78306798304842	Exploratory pseudobulk programme candidate; not a standalone biomarker claim
RM_decidua_vs_Control_decidua_up	RM_decidua_vs_Control_decidua	up_in_group_a	27	ENSG00000112335	SNX3	0.264889338865086	1.78288798085518	Exploratory pseudobulk programme candidate; not a standalone biomarker claim
RM_decidua_vs_Control_decidua_up	RM_decidua_vs_Control_decidua	up_in_group_a	28	ENSG00000272789	AC010976.2	0.216329011357887	1.78229921379606	Exploratory pseudobulk programme candidate; not a standalone biomarker claim
RM_decidua_vs_Control_decidua_up	RM_decidua_vs_Control_decidua	up_in_group_a	29	ENSG00000166689	PLEKHA7	0.562163324204106	1.78045606303687	Exploratory pseudobulk programme candidate; not a standalone biomarker claim
RM_decidua_vs_Control_decidua_up	RM_decidua_vs_Control_decidua	up_in_group_a	30	ENSG00000198157	HMGN5	0.655948963581905	1.77797044343412	Exploratory pseudobulk programme candidate; not a standalone biomarker claim
RM_decidua_vs_Control_decidua_up	RM_decidua_vs_Control_decidua	up_in_group_a	31	ENSG00000145088	EAF2	0.878504936451317	1.77753498878689	Exploratory pseudobulk programme candidate; not a standalone biomarker claim
RM_decidua_vs_Control_decidua_up	RM_decidua_vs_Control_decidua	up_in_group_a	32	ENSG00000274797	AC008121.3	0.119970170757158	1.7758158738672	Exploratory pseudobulk programme candidate; not a standalone biomarker claim
RM_decidua_vs_Control_decidua_up	RM_decidua_vs_Control_decidua	up_in_group_a	33	ENSG00000182544	MFSD5	0.480127453513368	1.77543227376347	Exploratory pseudobulk programme candidate; not a standalone biomarker claim
RM_decidua_vs_Control_decidua_up	RM_decidua_vs_Control_decidua	up_in_group_a	34	ENSG00000111490	TBC1D30	0.63341055692414	1.77473468071702	Exploratory pseudobulk programme candidate; not a standalone biomarker claim
RM_decidua_vs_Control_decidua_up	RM_decidua_vs_Control_decidua	up_in_group_a	35	ENSG00000010539	ZNF200	0.506549055687592	1.77278627476509	Exploratory pseudobulk programme candidate; not a standalone biomarker claim
RM_decidua_vs_Control_decidua_up	RM_decidua_vs_Control_decidua	up_in_group_a	36	ENSG00000152760	TCTEX1D1	1.31445355595135	1.76274210048249	Exploratory pseudobulk programme candidate; not a standalone biomarker claim
RM_decidua_vs_Control_decidua_up	RM_decidua_vs_Control_decidua	up_in_group_a	37	ENSG00000063854	HAGH	0.449513128207741	1.75854043227814	Exploratory pseudobulk programme candidate; not a standalone biomarker claim
RM_decidua_vs_Control_decidua_up	RM_decidua_vs_Control_decidua	up_in_group_a	38	ENSG00000226004	AL591468.1	0.167348919238376	1.75848345425628	Exploratory pseudobulk programme candidate; not a standalone biomarker claim
RM_decidua_vs_Control_decidua_up	RM_decidua_vs_Control_decidua	up_in_group_a	39	ENSG00000236747	LINC01282	0.0566311289105119	1.75797421572893	Exploratory pseudobulk programme candidate; not a standalone biomarker claim
RM_decidua_vs_Control_decidua_up	RM_decidua_vs_Control_decidua	up_in_group_a	40	ENSG00000143546	S100A8	1.82539212568603	1.75769746185325	Exploratory pseudobulk programme candidate; not a standalone biomarker claim
RM_decidua_vs_Control_decidua_up	RM_decidua_vs_Control_decidua	up_in_group_a	41	ENSG00000271860	AL589740.1	0.0221498364588968	1.75769681058139	Exploratory pseudobulk programme candidate; not a standalone biomarker claim
RM_decidua_vs_Control_decidua_up	RM_decidua_vs_Control_decidua	up_in_group_a	42	ENSG00000280341	AP000542.3	0.0221498364588968	1.75769681058139	Exploratory pseudobulk programme candidate; not a standalone biomarker claim
RM_decidua_vs_Control_decidua_up	RM_decidua_vs_Control_decidua	up_in_group_a	43	ENSG00000138604	GLCE	0.472652770241781	1.75563244927267	Exploratory pseudobulk programme candidate; not a standalone biomarker claim
RM_decidua_vs_Control_decidua_up	RM_decidua_vs_Control_decidua	up_in_group_a	44	ENSG00000106266	SNX8	0.665165168591845	1.75468429213264	Exploratory pseudobulk programme candidate; not a standalone biomarker claim
RM_decidua_vs_Control_decidua_up	RM_decidua_vs_Control_decidua	up_in_group_a	45	ENSG00000273972	AC068722.2	0.223086901872422	1.7522458996001	Exploratory pseudobulk programme candidate; not a standalone biomarker claim
RM_decidua_vs_Control_decidua_up	RM_decidua_vs_Control_decidua	up_in_group_a	46	ENSG00000226674	TEX41	0.364276209169021	1.75128001060479	Exploratory pseudobulk programme candidate; not a standalone biomarker claim
RM_decidua_vs_Control_decidua_up	RM_decidua_vs_Control_decidua	up_in_group_a	47	ENSG00000171051	FPR1	1.81272779863862	1.7508267293387	Exploratory pseudobulk programme candidate; not a standalone biomarker claim
RM_decidua_vs_Control_decidua_up	RM_decidua_vs_Control_decidua	up_in_group_a	48	ENSG00000165475	CRYL1	0.259827676894461	1.74972720343048	Exploratory pseudobulk programme candidate; not a standalone biomarker claim
RM_decidua_vs_Control_decidua_up	RM_decidua_vs_Control_decidua	up_in_group_a	49	ENSG00000236469	AC007881.2	0.0393863086082407	1.7493669139174	Exploratory pseudobulk programme candidate; not a standalone biomarker claim
RM_decidua_vs_Control_decidua_up	RM_decidua_vs_Control_decidua	up_in_group_a	50	ENSG00000213533	STIMATE	0.422515569714628	1.74811192517519	Exploratory pseudobulk programme candidate; not a standalone biomarker claim
RM_decidua_vs_Control_decidua_down	RM_decidua_vs_Control_decidua	down_in_group_a	1	ENSG00000198498	TMA16	-0.425429796652867	-1.85993125937066	Exploratory pseudobulk programme candidate; not a standalone biomarker claim
RM_decidua_vs_Control_decidua_down	RM_decidua_vs_Control_decidua	down_in_group_a	2	ENSG00000144035	NAT8	-0.305392240882673	-1.81789174270226	Exploratory pseudobulk programme candidate; not a standalone biomarker claim
RM_decidua_vs_Control_decidua_down	RM_decidua_vs_Control_decidua	down_in_group_a	3	ENSG00000226516	FAM138B	-0.0759476024590137	-1.81562455035965	Exploratory pseudobulk programme candidate; not a standalone biomarker claim
RM_decidua_vs_Control_decidua_down	RM_decidua_vs_Control_decidua	down_in_group_a	4	ENSG00000270071	AP001172.1	-0.0933048573784223	-1.80732068208545	Exploratory pseudobulk programme candidate; not a standalone biomarker claim
RM_decidua_vs_Control_decidua_down	RM_decidua_vs_Control_decidua	down_in_group_a	5	ENSG00000203812	HIST2H2AA3	-0.0481107506158159	-1.80338697825668	Exploratory pseudobulk programme candidate; not a standalone biomarker claim
RM_decidua_vs_Control_decidua_down	RM_decidua_vs_Control_decidua	down_in_group_a	6	ENSG00000223770	AC006145.1	-0.0563549009434343	-1.79746193674575	Exploratory pseudobulk programme candidate; not a standalone biomarker claim
RM_decidua_vs_Control_decidua_down	RM_decidua_vs_Control_decidua	down_in_group_a	7	ENSG00000156968	MPV17L	-0.795734454040469	-1.79438239369519	Exploratory pseudobulk programme candidate; not a standalone biomarker claim
RM_decidua_vs_Control_decidua_down	RM_decidua_vs_Control_decidua	down_in_group_a	8	ENSG00000197958	RPL12	-0.824857329878366	-1.79298855087281	Exploratory pseudobulk programme candidate; not a standalone biomarker claim
RM_decidua_vs_Control_decidua_down	RM_decidua_vs_Control_decidua	down_in_group_a	9	ENSG00000272070	AC005618.1	-0.338594007052867	-1.78490376649171	Exploratory pseudobulk programme candidate; not a standalone biomarker claim
RM_decidua_vs_Control_decidua_down	RM_decidua_vs_Control_decidua	down_in_group_a	10	ENSG00000164346	NSA2	-0.40383294840793	-1.78296477354108	Exploratory pseudobulk programme candidate; not a standalone biomarker claim
RM_decidua_vs_Control_decidua_down	RM_decidua_vs_Control_decidua	down_in_group_a	11	ENSG00000256661	A2ML1-AS1	-0.0243152142175733	-1.78269258242273	Exploratory pseudobulk programme candidate; not a standalone biomarker claim
RM_decidua_vs_Control_decidua_down	RM_decidua_vs_Control_decidua	down_in_group_a	12	ENSG00000244464	AC107029.2	-0.0402338747318792	-1.77084413044781	Exploratory pseudobulk programme candidate; not a standalone biomarker claim
RM_decidua_vs_Control_decidua_down	RM_decidua_vs_Control_decidua	down_in_group_a	13	ENSG00000160746	ANO10	-0.269279702002303	-1.7627527470713	Exploratory pseudobulk programme candidate; not a standalone biomarker claim
RM_decidua_vs_Control_decidua_down	RM_decidua_vs_Control_decidua	down_in_group_a	14	ENSG00000181350	LRRC75A	-0.782051902808222	-1.76050039200873	Exploratory pseudobulk programme candidate; not a standalone biomarker claim
RM_decidua_vs_Control_decidua_down	RM_decidua_vs_Control_decidua	down_in_group_a	15	ENSG00000171109	MFN1	-0.280997659353737	-1.75429677569716	Exploratory pseudobulk programme candidate; not a standalone biomarker claim
RM_decidua_vs_Control_decidua_down	RM_decidua_vs_Control_decidua	down_in_group_a	16	ENSG00000154079	SDHAF4	-0.26652328074468	-1.73496415041326	Exploratory pseudobulk programme candidate; not a standalone biomarker claim
RM_decidua_vs_Control_decidua_down	RM_decidua_vs_Control_decidua	down_in_group_a	17	ENSG00000253875	AC013643.2	-0.0838989317274958	-1.73480446173394	Exploratory pseudobulk programme candidate; not a standalone biomarker claim
RM_decidua_vs_Control_decidua_down	RM_decidua_vs_Control_decidua	down_in_group_a	18	ENSG00000225721	AL592166.1	-0.088259153880999	-1.73264758235325	Exploratory pseudobulk programme candidate; not a standalone biomarker claim
RM_decidua_vs_Control_decidua_down	RM_decidua_vs_Control_decidua	down_in_group_a	19	ENSG00000276417	AC092111.2	-0.0377121827402664	-1.72965846943179	Exploratory pseudobulk programme candidate; not a standalone biomarker claim
RM_decidua_vs_Control_decidua_down	RM_decidua_vs_Control_decidua	down_in_group_a	20	ENSG00000235819	AL158828.1	-0.0302962200144066	-1.72528399514015	Exploratory pseudobulk programme candidate; not a standalone biomarker claim
RM_decidua_vs_Control_decidua_down	RM_decidua_vs_Control_decidua	down_in_group_a	21	ENSG00000260599	AC011467.1	-0.168138871727196	-1.72414341360959	Exploratory pseudobulk programme candidate; not a standalone biomarker claim
RM_decidua_vs_Control_decidua_down	RM_decidua_vs_Control_decidua	down_in_group_a	22	ENSG00000227848	SUCLA2-AS1	-0.0631592502303805	-1.72278065963233	Exploratory pseudobulk programme candidate; not a standalone biomarker claim
RM_decidua_vs_Control_decidua_down	RM_decidua_vs_Control_decidua	down_in_group_a	23	ENSG00000269893	SNHG8	-0.47018455298505	-1.72055006676375	Exploratory pseudobulk programme candidate; not a standalone biomarker claim
RM_decidua_vs_Control_decidua_down	RM_decidua_vs_Control_decidua	down_in_group_a	24	ENSG00000153774	CFDP1	-0.259821346862673	-1.72039500621969	Exploratory pseudobulk programme candidate; not a standalone biomarker claim
RM_decidua_vs_Control_decidua_down	RM_decidua_vs_Control_decidua	down_in_group_a	25	ENSG00000204366	ZBTB12	-0.183475052277999	-1.71751064098766	Exploratory pseudobulk programme candidate; not a standalone biomarker claim
RM_decidua_vs_Control_decidua_down	RM_decidua_vs_Control_decidua	down_in_group_a	26	ENSG00000071677	PRLH	-0.0194193500116019	-1.71421389980223	Exploratory pseudobulk programme candidate; not a standalone biomarker claim
RM_decidua_vs_Control_decidua_down	RM_decidua_vs_Control_decidua	down_in_group_a	27	ENSG00000262227	AC004771.3	-0.355695502345327	-1.71182126201396	Exploratory pseudobulk programme candidate; not a standalone biomarker claim
RM_decidua_vs_Control_decidua_down	RM_decidua_vs_Control_decidua	down_in_group_a	28	ENSG00000285755	AC132153.1	-0.142613573446084	-1.70910891340941	Exploratory pseudobulk programme candidate; not a standalone biomarker claim
RM_decidua_vs_Control_decidua_down	RM_decidua_vs_Control_decidua	down_in_group_a	29	ENSG00000144895	EIF2A	-0.346496716380247	-1.70111023972985	Exploratory pseudobulk programme candidate; not a standalone biomarker claim
RM_decidua_vs_Control_decidua_down	RM_decidua_vs_Control_decidua	down_in_group_a	30	ENSG00000266850	AC090912.2	-0.185399197417565	-1.69855874541663	Exploratory pseudobulk programme candidate; not a standalone biomarker claim
RM_decidua_vs_Control_decidua_down	RM_decidua_vs_Control_decidua	down_in_group_a	31	ENSG00000136152	COG3	-0.25692267547424	-1.69308766899058	Exploratory pseudobulk programme candidate; not a standalone biomarker claim
RM_decidua_vs_Control_decidua_down	RM_decidua_vs_Control_decidua	down_in_group_a	32	ENSG00000261039	LINC02544	-0.0278775173456984	-1.68842717109977	Exploratory pseudobulk programme candidate; not a standalone biomarker claim
RM_decidua_vs_Control_decidua_down	RM_decidua_vs_Control_decidua	down_in_group_a	33	ENSG00000236810	ELOA-AS1	-0.376790906490655	-1.68773694091166	Exploratory pseudobulk programme candidate; not a standalone biomarker claim
RM_decidua_vs_Control_decidua_down	RM_decidua_vs_Control_decidua	down_in_group_a	34	ENSG00000284652	BX323043.1	-0.0968544080497604	-1.68501793989749	Exploratory pseudobulk programme candidate; not a standalone biomarker claim
RM_decidua_vs_Control_decidua_down	RM_decidua_vs_Control_decidua	down_in_group_a	35	ENSG00000278899	AL358852.1	-0.170345213729201	-1.68279619494299	Exploratory pseudobulk programme candidate; not a standalone biomarker claim
RM_decidua_vs_Control_decidua_down	RM_decidua_vs_Control_decidua	down_in_group_a	36	ENSG00000104408	EIF3E	-0.437292099698523	-1.68209888822925	Exploratory pseudobulk programme candidate; not a standalone biomarker claim
RM_decidua_vs_Control_decidua_down	RM_decidua_vs_Control_decidua	down_in_group_a	37	ENSG00000229117	RPL41	-0.448999067650194	-1.68045047806975	Exploratory pseudobulk programme candidate; not a standalone biomarker claim
RM_decidua_vs_Control_decidua_down	RM_decidua_vs_Control_decidua	down_in_group_a	38	ENSG00000186523	FAM86B1	-0.502222906791241	-1.68044196549418	Exploratory pseudobulk programme candidate; not a standalone biomarker claim
RM_decidua_vs_Control_decidua_down	RM_decidua_vs_Control_decidua	down_in_group_a	39	ENSG00000253948	VPS13B-DT	-0.500245286218491	-1.67457227921762	Exploratory pseudobulk programme candidate; not a standalone biomarker claim
RM_decidua_vs_Control_decidua_down	RM_decidua_vs_Control_decidua	down_in_group_a	40	ENSG00000228073	AC133106.1	-0.040249248557277	-1.66823449666333	Exploratory pseudobulk programme candidate; not a standalone biomarker claim
RM_decidua_vs_Control_decidua_down	RM_decidua_vs_Control_decidua	down_in_group_a	41	ENSG00000223598	AL138733.1	-0.0179960969647195	-1.66518114677038	Exploratory pseudobulk programme candidate; not a standalone biomarker claim
RM_decidua_vs_Control_decidua_down	RM_decidua_vs_Control_decidua	down_in_group_a	42	ENSG00000261723	AC008870.4	-0.0179960969647195	-1.66518114677038	Exploratory pseudobulk programme candidate; not a standalone biomarker claim
RM_decidua_vs_Control_decidua_down	RM_decidua_vs_Control_decidua	down_in_group_a	43	ENSG00000113328	CCNG1	-0.354197201795394	-1.6581206545048	Exploratory pseudobulk programme candidate; not a standalone biomarker claim
RM_decidua_vs_Control_decidua_down	RM_decidua_vs_Control_decidua	down_in_group_a	44	ENSG00000004487	KDM1A	-0.54745156050739	-1.65704998339525	Exploratory pseudobulk programme candidate; not a standalone biomarker claim
RM_decidua_vs_Control_decidua_down	RM_decidua_vs_Control_decidua	down_in_group_a	45	ENSG00000106244	PDAP1	-0.228855871391455	-1.65587287051714	Exploratory pseudobulk programme candidate; not a standalone biomarker claim
RM_decidua_vs_Control_decidua_down	RM_decidua_vs_Control_decidua	down_in_group_a	46	ENSG00000100380	ST13	-0.178591999980624	-1.65396703850494	Exploratory pseudobulk programme candidate; not a standalone biomarker claim
RM_decidua_vs_Control_decidua_down	RM_decidua_vs_Control_decidua	down_in_group_a	47	ENSG00000147403	RPL10	-0.631921633150085	-1.65074913796466	Exploratory pseudobulk programme candidate; not a standalone biomarker claim
RM_decidua_vs_Control_decidua_down	RM_decidua_vs_Control_decidua	down_in_group_a	48	ENSG00000068383	INPP5A	-0.804392656536565	-1.65042391444148	Exploratory pseudobulk programme candidate; not a standalone biomarker claim
RM_decidua_vs_Control_decidua_down	RM_decidua_vs_Control_decidua	down_in_group_a	49	ENSG00000255320	AP000759.1	-0.565246354188488	-1.64820931841565	Exploratory pseudobulk programme candidate; not a standalone biomarker claim
RM_decidua_vs_Control_decidua_down	RM_decidua_vs_Control_decidua	down_in_group_a	50	ENSG00000064787	BCAS1	-2.76127712370991	-1.64686312824308	Exploratory pseudobulk programme candidate; not a standalone biomarker claim
RM_villi_vs_Control_villi_up	RM_villi_vs_Control_villi	up_in_group_a	1	ENSG00000275709	AC090527.3	0.31291331618887	1.90592413012065	Exploratory pseudobulk programme candidate; not a standalone biomarker claim
RM_villi_vs_Control_villi_up	RM_villi_vs_Control_villi	up_in_group_a	2	ENSG00000158195	WASF2	0.488288836815726	1.90000922425723	Exploratory pseudobulk programme candidate; not a standalone biomarker claim
RM_villi_vs_Control_villi_up	RM_villi_vs_Control_villi	up_in_group_a	3	ENSG00000267811	AP001160.2	0.210509913099995	1.89468251163531	Exploratory pseudobulk programme candidate; not a standalone biomarker claim
RM_villi_vs_Control_villi_up	RM_villi_vs_Control_villi	up_in_group_a	4	ENSG00000286307	AC017028.1	0.0247340044654641	1.89429183518005	Exploratory pseudobulk programme candidate; not a standalone biomarker claim
RM_villi_vs_Control_villi_up	RM_villi_vs_Control_villi	up_in_group_a	5	ENSG00000264449	AP001021.1	0.0247340044654641	1.89429183518005	Exploratory pseudobulk programme candidate; not a standalone biomarker claim
RM_villi_vs_Control_villi_up	RM_villi_vs_Control_villi	up_in_group_a	6	ENSG00000226957	AL358075.1	0.0156078096265161	1.89281264753995	Exploratory pseudobulk programme candidate; not a standalone biomarker claim
RM_villi_vs_Control_villi_up	RM_villi_vs_Control_villi	up_in_group_a	7	ENSG00000235862	AL590648.2	0.0156078096265161	1.89281264753995	Exploratory pseudobulk programme candidate; not a standalone biomarker claim
RM_villi_vs_Control_villi_up	RM_villi_vs_Control_villi	up_in_group_a	8	ENSG00000226919	AL365184.1	0.0156078096265161	1.89281264753995	Exploratory pseudobulk programme candidate; not a standalone biomarker claim
RM_villi_vs_Control_villi_up	RM_villi_vs_Control_villi	up_in_group_a	9	ENSG00000225552	NAALADL2-AS1	0.0156078096265161	1.89281264753995	Exploratory pseudobulk programme candidate; not a standalone biomarker claim
RM_villi_vs_Control_villi_up	RM_villi_vs_Control_villi	up_in_group_a	10	ENSG00000285610	AL590286.2	0.0156078096265161	1.89281264753995	Exploratory pseudobulk programme candidate; not a standalone biomarker claim
RM_villi_vs_Control_villi_up	RM_villi_vs_Control_villi	up_in_group_a	11	ENSG00000259473	LINC02205	0.0156078096265161	1.89281264753995	Exploratory pseudobulk programme candidate; not a standalone biomarker claim
RM_villi_vs_Control_villi_up	RM_villi_vs_Control_villi	up_in_group_a	12	ENSG00000260185	AC009097.1	0.0156078096265161	1.89281264753995	Exploratory pseudobulk programme candidate; not a standalone biomarker claim
RM_villi_vs_Control_villi_up	RM_villi_vs_Control_villi	up_in_group_a	13	ENSG00000261534	AL596244.1	0.245853782338025	1.88217756177418	Exploratory pseudobulk programme candidate; not a standalone biomarker claim
RM_villi_vs_Control_villi_up	RM_villi_vs_Control_villi	up_in_group_a	14	ENSG00000273176	AL008635.1	0.0897945955136999	1.88215052776526	Exploratory pseudobulk programme candidate; not a standalone biomarker claim
RM_villi_vs_Control_villi_up	RM_villi_vs_Control_villi	up_in_group_a	15	ENSG00000273007	AC021205.3	0.10792245854393	1.88044057637526	Exploratory pseudobulk programme candidate; not a standalone biomarker claim
RM_villi_vs_Control_villi_up	RM_villi_vs_Control_villi	up_in_group_a	16	ENSG00000150756	ATPSCKMT	0.428807157830033	1.8753290346407	Exploratory pseudobulk programme candidate; not a standalone biomarker claim
RM_villi_vs_Control_villi_up	RM_villi_vs_Control_villi	up_in_group_a	17	ENSG00000101605	MYOM1	0.479333118527323	1.87171193346657	Exploratory pseudobulk programme candidate; not a standalone biomarker claim
RM_villi_vs_Control_villi_up	RM_villi_vs_Control_villi	up_in_group_a	18	ENSG00000221817	PPP3CB-AS1	0.635513577287076	1.86149437729819	Exploratory pseudobulk programme candidate; not a standalone biomarker claim
RM_villi_vs_Control_villi_up	RM_villi_vs_Control_villi	up_in_group_a	19	ENSG00000132405	TBC1D14	0.8022707394615	1.86066503421667	Exploratory pseudobulk programme candidate; not a standalone biomarker claim
RM_villi_vs_Control_villi_up	RM_villi_vs_Control_villi	up_in_group_a	20	ENSG00000128294	TPST2	0.7276746798248	1.85325812399082	Exploratory pseudobulk programme candidate; not a standalone biomarker claim
RM_villi_vs_Control_villi_up	RM_villi_vs_Control_villi	up_in_group_a	21	ENSG00000184709	LRRC26	0.288387378899758	1.85143792547113	Exploratory pseudobulk programme candidate; not a standalone biomarker claim
RM_villi_vs_Control_villi_up	RM_villi_vs_Control_villi	up_in_group_a	22	ENSG00000258122	AC044802.2	0.321645385486251	1.84971432202829	Exploratory pseudobulk programme candidate; not a standalone biomarker claim
RM_villi_vs_Control_villi_up	RM_villi_vs_Control_villi	up_in_group_a	23	ENSG00000173040	EVC2	1.28061951609294	1.84717247856575	Exploratory pseudobulk programme candidate; not a standalone biomarker claim
RM_villi_vs_Control_villi_up	RM_villi_vs_Control_villi	up_in_group_a	24	ENSG00000054938	CHRDL2	0.58165427450582	1.84581249884807	Exploratory pseudobulk programme candidate; not a standalone biomarker claim
RM_villi_vs_Control_villi_up	RM_villi_vs_Control_villi	up_in_group_a	25	ENSG00000116514	RNF19B	0.719146113088556	1.84415795364826	Exploratory pseudobulk programme candidate; not a standalone biomarker claim
RM_villi_vs_Control_villi_up	RM_villi_vs_Control_villi	up_in_group_a	26	ENSG00000258940	AL132639.2	0.374240822302574	1.83538807996699	Exploratory pseudobulk programme candidate; not a standalone biomarker claim
RM_villi_vs_Control_villi_up	RM_villi_vs_Control_villi	up_in_group_a	27	ENSG00000270127	AC027020.2	0.515071011717844	1.83342656235724	Exploratory pseudobulk programme candidate; not a standalone biomarker claim
RM_villi_vs_Control_villi_up	RM_villi_vs_Control_villi	up_in_group_a	28	ENSG00000247131	AC025263.1	0.111069908994663	1.83233699683564	Exploratory pseudobulk programme candidate; not a standalone biomarker claim
RM_villi_vs_Control_villi_up	RM_villi_vs_Control_villi	up_in_group_a	29	ENSG00000174151	CYB561D1	0.680336543908412	1.82976166126981	Exploratory pseudobulk programme candidate; not a standalone biomarker claim
RM_villi_vs_Control_villi_up	RM_villi_vs_Control_villi	up_in_group_a	30	ENSG00000100191	SLC5A4	0.0693917165034998	1.82884915051027	Exploratory pseudobulk programme candidate; not a standalone biomarker claim
RM_villi_vs_Control_villi_up	RM_villi_vs_Control_villi	up_in_group_a	31	ENSG00000225752	AL023581.1	0.0399636789298306	1.82826393957076	Exploratory pseudobulk programme candidate; not a standalone biomarker claim
RM_villi_vs_Control_villi_up	RM_villi_vs_Control_villi	up_in_group_a	32	ENSG00000178700	DHFR2	0.654685104391152	1.82714061386673	Exploratory pseudobulk programme candidate; not a standalone biomarker claim
RM_villi_vs_Control_villi_up	RM_villi_vs_Control_villi	up_in_group_a	33	ENSG00000241456	AC005996.1	0.0201303220406474	1.82695191376192	Exploratory pseudobulk programme candidate; not a standalone biomarker claim
RM_villi_vs_Control_villi_up	RM_villi_vs_Control_villi	up_in_group_a	34	ENSG00000204022	LIPJ	0.0201303220406474	1.82695191376192	Exploratory pseudobulk programme candidate; not a standalone biomarker claim
RM_villi_vs_Control_villi_up	RM_villi_vs_Control_villi	up_in_group_a	35	ENSG00000255670	AC007619.1	0.0201303220406474	1.82695191376192	Exploratory pseudobulk programme candidate; not a standalone biomarker claim
RM_villi_vs_Control_villi_up	RM_villi_vs_Control_villi	up_in_group_a	36	ENSG00000214013	GANC	0.758473656050086	1.82627061876817	Exploratory pseudobulk programme candidate; not a standalone biomarker claim
RM_villi_vs_Control_villi_up	RM_villi_vs_Control_villi	up_in_group_a	37	ENSG00000172977	KAT5	0.23257561933405	1.82374665231988	Exploratory pseudobulk programme candidate; not a standalone biomarker claim
RM_villi_vs_Control_villi_up	RM_villi_vs_Control_villi	up_in_group_a	38	ENSG00000245573	BDNF-AS	0.641477631451259	1.82177230406483	Exploratory pseudobulk programme candidate; not a standalone biomarker claim
RM_villi_vs_Control_villi_up	RM_villi_vs_Control_villi	up_in_group_a	39	ENSG00000226419	SLC16A1-AS1	0.999920372408608	1.82144551284531	Exploratory pseudobulk programme candidate; not a standalone biomarker claim
RM_villi_vs_Control_villi_up	RM_villi_vs_Control_villi	up_in_group_a	40	ENSG00000133067	LGR6	0.119219835798719	1.82041125898055	Exploratory pseudobulk programme candidate; not a standalone biomarker claim
RM_villi_vs_Control_villi_up	RM_villi_vs_Control_villi	up_in_group_a	41	ENSG00000161040	FBXL13	0.175669886606383	1.8197789736098	Exploratory pseudobulk programme candidate; not a standalone biomarker claim
RM_villi_vs_Control_villi_up	RM_villi_vs_Control_villi	up_in_group_a	42	ENSG00000157823	AP3S2	0.506871674408883	1.81845451397105	Exploratory pseudobulk programme candidate; not a standalone biomarker claim
RM_villi_vs_Control_villi_up	RM_villi_vs_Control_villi	up_in_group_a	43	ENSG00000157500	APPL1	0.437092846494108	1.81760884944738	Exploratory pseudobulk programme candidate; not a standalone biomarker claim
RM_villi_vs_Control_villi_up	RM_villi_vs_Control_villi	up_in_group_a	44	ENSG00000259274	AC107241.1	0.106097275723514	1.81737507778484	Exploratory pseudobulk programme candidate; not a standalone biomarker claim
RM_villi_vs_Control_villi_up	RM_villi_vs_Control_villi	up_in_group_a	45	ENSG00000178234	GALNT11	1.11506857322628	1.81696658020528	Exploratory pseudobulk programme candidate; not a standalone biomarker claim
RM_villi_vs_Control_villi_up	RM_villi_vs_Control_villi	up_in_group_a	46	ENSG00000277245	AC084782.3	0.0202114920513328	1.81675737557453	Exploratory pseudobulk programme candidate; not a standalone biomarker claim
RM_villi_vs_Control_villi_up	RM_villi_vs_Control_villi	up_in_group_a	47	ENSG00000267535	LINC00868	0.0202114920513328	1.81675737557453	Exploratory pseudobulk programme candidate; not a standalone biomarker claim
RM_villi_vs_Control_villi_up	RM_villi_vs_Control_villi	up_in_group_a	48	ENSG00000272677	AC124016.1	0.260718233880221	1.81469213861149	Exploratory pseudobulk programme candidate; not a standalone biomarker claim
RM_villi_vs_Control_villi_up	RM_villi_vs_Control_villi	up_in_group_a	49	ENSG00000273486	AC096992.2	0.717672514733853	1.81265887892984	Exploratory pseudobulk programme candidate; not a standalone biomarker claim
RM_villi_vs_Control_villi_up	RM_villi_vs_Control_villi	up_in_group_a	50	ENSG00000169989	TIGD4	0.227350592064625	1.81025210735311	Exploratory pseudobulk programme candidate; not a standalone biomarker claim
RM_villi_vs_Control_villi_down	RM_villi_vs_Control_villi	down_in_group_a	1	ENSG00000163499	CRYBA2	-1.17696884161921	-1.82019996920962	Exploratory pseudobulk programme candidate; not a standalone biomarker claim
RM_villi_vs_Control_villi_down	RM_villi_vs_Control_villi	down_in_group_a	2	ENSG00000250033	SLC7A11-AS1	-0.713396760728978	-1.81738215637685	Exploratory pseudobulk programme candidate; not a standalone biomarker claim
RM_villi_vs_Control_villi_down	RM_villi_vs_Control_villi	down_in_group_a	3	ENSG00000283633	AP000547.3	-1.30228158637826	-1.81006923934982	Exploratory pseudobulk programme candidate; not a standalone biomarker claim
RM_villi_vs_Control_villi_down	RM_villi_vs_Control_villi	down_in_group_a	4	ENSG00000162975	KCNF1	-2.35413550874711	-1.80717976481134	Exploratory pseudobulk programme candidate; not a standalone biomarker claim
RM_villi_vs_Control_villi_down	RM_villi_vs_Control_villi	down_in_group_a	5	ENSG00000240021	TEX35	-0.191257352486923	-1.78792829512739	Exploratory pseudobulk programme candidate; not a standalone biomarker claim
RM_villi_vs_Control_villi_down	RM_villi_vs_Control_villi	down_in_group_a	6	ENSG00000231031	LINC01804	-0.625327414699288	-1.77193745097412	Exploratory pseudobulk programme candidate; not a standalone biomarker claim
RM_villi_vs_Control_villi_down	RM_villi_vs_Control_villi	down_in_group_a	7	ENSG00000285212	AL009178.3	-0.702226527034335	-1.7601479948194	Exploratory pseudobulk programme candidate; not a standalone biomarker claim
RM_villi_vs_Control_villi_down	RM_villi_vs_Control_villi	down_in_group_a	8	ENSG00000171236	LRG1	-1.36065078348539	-1.75156248058388	Exploratory pseudobulk programme candidate; not a standalone biomarker claim
RM_villi_vs_Control_villi_down	RM_villi_vs_Control_villi	down_in_group_a	9	ENSG00000124006	OBSL1	-1.31629562769129	-1.75004312577596	Exploratory pseudobulk programme candidate; not a standalone biomarker claim
RM_villi_vs_Control_villi_down	RM_villi_vs_Control_villi	down_in_group_a	10	ENSG00000230798	FOXD3-AS1	-0.0307730372379767	-1.73873204394791	Exploratory pseudobulk programme candidate; not a standalone biomarker claim
RM_villi_vs_Control_villi_down	RM_villi_vs_Control_villi	down_in_group_a	11	ENSG00000174358	SLC6A19	-2.88553586063873	-1.73665940532979	Exploratory pseudobulk programme candidate; not a standalone biomarker claim
RM_villi_vs_Control_villi_down	RM_villi_vs_Control_villi	down_in_group_a	12	ENSG00000154025	SLC5A10	-0.125853888720324	-1.73656163375937	Exploratory pseudobulk programme candidate; not a standalone biomarker claim
RM_villi_vs_Control_villi_down	RM_villi_vs_Control_villi	down_in_group_a	13	ENSG00000267201	LINC01775	-0.0711334079090591	-1.73640090382508	Exploratory pseudobulk programme candidate; not a standalone biomarker claim
RM_villi_vs_Control_villi_down	RM_villi_vs_Control_villi	down_in_group_a	14	ENSG00000112877	CEP72	-1.02064923060292	-1.73429222754111	Exploratory pseudobulk programme candidate; not a standalone biomarker claim
RM_villi_vs_Control_villi_down	RM_villi_vs_Control_villi	down_in_group_a	15	ENSG00000124749	COL21A1	-2.36531221627196	-1.72926657444294	Exploratory pseudobulk programme candidate; not a standalone biomarker claim
RM_villi_vs_Control_villi_down	RM_villi_vs_Control_villi	down_in_group_a	16	ENSG00000235660	LINC00345	-0.309652938138697	-1.72702248895284	Exploratory pseudobulk programme candidate; not a standalone biomarker claim
RM_villi_vs_Control_villi_down	RM_villi_vs_Control_villi	down_in_group_a	17	ENSG00000229205	LINC00200	-0.906482782643447	-1.72669592385835	Exploratory pseudobulk programme candidate; not a standalone biomarker claim
RM_villi_vs_Control_villi_down	RM_villi_vs_Control_villi	down_in_group_a	18	ENSG00000197757	HOXC6	-1.08999340194161	-1.72492863378206	Exploratory pseudobulk programme candidate; not a standalone biomarker claim
RM_villi_vs_Control_villi_down	RM_villi_vs_Control_villi	down_in_group_a	19	ENSG00000146205	ANO7	-1.36545434079185	-1.72452315284369	Exploratory pseudobulk programme candidate; not a standalone biomarker claim
RM_villi_vs_Control_villi_down	RM_villi_vs_Control_villi	down_in_group_a	20	ENSG00000273554	AC136616.1	-1.43000498571937	-1.71935927445694	Exploratory pseudobulk programme candidate; not a standalone biomarker claim
RM_villi_vs_Control_villi_down	RM_villi_vs_Control_villi	down_in_group_a	21	ENSG00000266826	AC011195.2	-0.195056725440878	-1.71724486088139	Exploratory pseudobulk programme candidate; not a standalone biomarker claim
RM_villi_vs_Control_villi_down	RM_villi_vs_Control_villi	down_in_group_a	22	ENSG00000204899	MZT1	-0.74161606291427	-1.7166130652175	Exploratory pseudobulk programme candidate; not a standalone biomarker claim
RM_villi_vs_Control_villi_down	RM_villi_vs_Control_villi	down_in_group_a	23	ENSG00000159648	TEPP	-0.734601732942837	-1.71449134295724	Exploratory pseudobulk programme candidate; not a standalone biomarker claim
RM_villi_vs_Control_villi_down	RM_villi_vs_Control_villi	down_in_group_a	24	ENSG00000226985	LINC01203	-0.472918101660507	-1.71429134329161	Exploratory pseudobulk programme candidate; not a standalone biomarker claim
RM_villi_vs_Control_villi_down	RM_villi_vs_Control_villi	down_in_group_a	25	ENSG00000132026	RTBDN	-0.14024626289789	-1.71318472889525	Exploratory pseudobulk programme candidate; not a standalone biomarker claim
RM_villi_vs_Control_villi_down	RM_villi_vs_Control_villi	down_in_group_a	26	ENSG00000204710	SPDYC	-1.12387274031789	-1.71205717619077	Exploratory pseudobulk programme candidate; not a standalone biomarker claim
RM_villi_vs_Control_villi_down	RM_villi_vs_Control_villi	down_in_group_a	27	ENSG00000242828	AC068756.1	-0.188020017098597	-1.71006390693515	Exploratory pseudobulk programme candidate; not a standalone biomarker claim
RM_villi_vs_Control_villi_down	RM_villi_vs_Control_villi	down_in_group_a	28	ENSG00000070423	RNF126	-0.670031877789589	-1.70939172044967	Exploratory pseudobulk programme candidate; not a standalone biomarker claim
RM_villi_vs_Control_villi_down	RM_villi_vs_Control_villi	down_in_group_a	29	ENSG00000169884	WNT10B	-1.95151106968871	-1.70554550532789	Exploratory pseudobulk programme candidate; not a standalone biomarker claim
RM_villi_vs_Control_villi_down	RM_villi_vs_Control_villi	down_in_group_a	30	ENSG00000287985	AC073270.2	-0.293869557737014	-1.70472626266491	Exploratory pseudobulk programme candidate; not a standalone biomarker claim
RM_villi_vs_Control_villi_down	RM_villi_vs_Control_villi	down_in_group_a	31	ENSG00000104812	GYS1	-1.18425709129274	-1.70423113400998	Exploratory pseudobulk programme candidate; not a standalone biomarker claim
RM_villi_vs_Control_villi_down	RM_villi_vs_Control_villi	down_in_group_a	32	ENSG00000116785	CFHR3	-0.184045952038325	-1.70347794934798	Exploratory pseudobulk programme candidate; not a standalone biomarker claim
RM_villi_vs_Control_villi_down	RM_villi_vs_Control_villi	down_in_group_a	33	ENSG00000242908	AADACL2-AS1	-0.860656006807843	-1.70345007773121	Exploratory pseudobulk programme candidate; not a standalone biomarker claim
RM_villi_vs_Control_villi_down	RM_villi_vs_Control_villi	down_in_group_a	34	ENSG00000282375	AC100797.5	-0.0767984720518924	-1.69843151514471	Exploratory pseudobulk programme candidate; not a standalone biomarker claim
RM_villi_vs_Control_villi_down	RM_villi_vs_Control_villi	down_in_group_a	35	ENSG00000231903	AC079354.2	-0.121935540014672	-1.69521200045115	Exploratory pseudobulk programme candidate; not a standalone biomarker claim
RM_villi_vs_Control_villi_down	RM_villi_vs_Control_villi	down_in_group_a	36	ENSG00000112706	IMPG1	-1.63986968781829	-1.69515404931801	Exploratory pseudobulk programme candidate; not a standalone biomarker claim
RM_villi_vs_Control_villi_down	RM_villi_vs_Control_villi	down_in_group_a	37	ENSG00000254031	AC022858.1	-0.166156758401262	-1.69501772257213	Exploratory pseudobulk programme candidate; not a standalone biomarker claim
RM_villi_vs_Control_villi_down	RM_villi_vs_Control_villi	down_in_group_a	38	ENSG00000180806	HOXC9	-1.97223013412486	-1.69436789561518	Exploratory pseudobulk programme candidate; not a standalone biomarker claim
RM_villi_vs_Control_villi_down	RM_villi_vs_Control_villi	down_in_group_a	39	ENSG00000092758	COL9A3	-2.44839669159843	-1.69345550649792	Exploratory pseudobulk programme candidate; not a standalone biomarker claim
RM_villi_vs_Control_villi_down	RM_villi_vs_Control_villi	down_in_group_a	40	ENSG00000122565	CBX3	-0.656058504741401	-1.68853768784393	Exploratory pseudobulk programme candidate; not a standalone biomarker claim
RM_villi_vs_Control_villi_down	RM_villi_vs_Control_villi	down_in_group_a	41	ENSG00000227528	DIAPH3-AS1	-0.0521536721775266	-1.68456344966302	Exploratory pseudobulk programme candidate; not a standalone biomarker claim
RM_villi_vs_Control_villi_down	RM_villi_vs_Control_villi	down_in_group_a	42	ENSG00000105143	SLC1A6	-2.8642065481906	-1.68452067291294	Exploratory pseudobulk programme candidate; not a standalone biomarker claim
RM_villi_vs_Control_villi_down	RM_villi_vs_Control_villi	down_in_group_a	43	ENSG00000164117	FBXO8	-0.801460035320124	-1.68008578049488	Exploratory pseudobulk programme candidate; not a standalone biomarker claim
RM_villi_vs_Control_villi_down	RM_villi_vs_Control_villi	down_in_group_a	44	ENSG00000268186	ZNF114-AS1	-0.233958877486235	-1.6789107841377	Exploratory pseudobulk programme candidate; not a standalone biomarker claim
RM_villi_vs_Control_villi_down	RM_villi_vs_Control_villi	down_in_group_a	45	ENSG00000215241	LINC02449	-0.201516501573559	-1.67608092758846	Exploratory pseudobulk programme candidate; not a standalone biomarker claim
RM_villi_vs_Control_villi_down	RM_villi_vs_Control_villi	down_in_group_a	46	ENSG00000277075	HIST1H2AE	-0.947539682823676	-1.67555867978249	Exploratory pseudobulk programme candidate; not a standalone biomarker claim
RM_villi_vs_Control_villi_down	RM_villi_vs_Control_villi	down_in_group_a	47	ENSG00000286517	AP000696.2	-0.309701496597727	-1.67152302474761	Exploratory pseudobulk programme candidate; not a standalone biomarker claim
RM_villi_vs_Control_villi_down	RM_villi_vs_Control_villi	down_in_group_a	48	ENSG00000101000	PROCR	-0.784513457943753	-1.67150661693035	Exploratory pseudobulk programme candidate; not a standalone biomarker claim
RM_villi_vs_Control_villi_down	RM_villi_vs_Control_villi	down_in_group_a	49	ENSG00000170807	LMOD2	-0.0470225314002613	-1.67071717395056	Exploratory pseudobulk programme candidate; not a standalone biomarker claim
RM_villi_vs_Control_villi_down	RM_villi_vs_Control_villi	down_in_group_a	50	ENSG00000099617	EFNA2	-1.02159867613918	-1.66961900440033	Exploratory pseudobulk programme candidate; not a standalone biomarker claim
Decidua_vs_Villi_all_up	Decidua_vs_Villi_all	up_in_group_a	1	ENSG00000118894	EEF2KMT	0.680555372890046	1.75715342385008	Exploratory pseudobulk programme candidate; not a standalone biomarker claim
Decidua_vs_Villi_all_up	Decidua_vs_Villi_all	up_in_group_a	2	ENSG00000287875	AC068193.1	0.33063428292447	1.72265525188877	Exploratory pseudobulk programme candidate; not a standalone biomarker claim
Decidua_vs_Villi_all_up	Decidua_vs_Villi_all	up_in_group_a	3	ENSG00000262468	LINC01569	0.44612658636697	1.71786265542162	Exploratory pseudobulk programme candidate; not a standalone biomarker claim
Decidua_vs_Villi_all_up	Decidua_vs_Villi_all	up_in_group_a	4	ENSG00000174007	CEP19	0.938034154563821	1.70547404231326	Exploratory pseudobulk programme candidate; not a standalone biomarker claim
Decidua_vs_Villi_all_up	Decidua_vs_Villi_all	up_in_group_a	5	ENSG00000115598	IL1RL2	0.851706452278402	1.68788213328957	Exploratory pseudobulk programme candidate; not a standalone biomarker claim
Decidua_vs_Villi_all_up	Decidua_vs_Villi_all	up_in_group_a	6	ENSG00000178852	EFCAB13	1.29800598991204	1.6839436130393	Exploratory pseudobulk programme candidate; not a standalone biomarker claim
Decidua_vs_Villi_all_up	Decidua_vs_Villi_all	up_in_group_a	7	ENSG00000170214	ADRA1B	0.203294151161956	1.68360363877008	Exploratory pseudobulk programme candidate; not a standalone biomarker claim
Decidua_vs_Villi_all_up	Decidua_vs_Villi_all	up_in_group_a	8	ENSG00000121410	A1BG	1.44006278227564	1.67993769247999	Exploratory pseudobulk programme candidate; not a standalone biomarker claim
Decidua_vs_Villi_all_up	Decidua_vs_Villi_all	up_in_group_a	9	ENSG00000175595	ERCC4	0.614524863994657	1.6781818828795	Exploratory pseudobulk programme candidate; not a standalone biomarker claim
Decidua_vs_Villi_all_up	Decidua_vs_Villi_all	up_in_group_a	10	ENSG00000230417	LINC00595	0.299715833625073	1.67205981565934	Exploratory pseudobulk programme candidate; not a standalone biomarker claim
Decidua_vs_Villi_all_up	Decidua_vs_Villi_all	up_in_group_a	11	ENSG00000130173	ANGPTL8	0.0862282199046262	1.66920679309357	Exploratory pseudobulk programme candidate; not a standalone biomarker claim
Decidua_vs_Villi_all_up	Decidua_vs_Villi_all	up_in_group_a	12	ENSG00000275763	C18orf65	0.330853138433377	1.66651205945728	Exploratory pseudobulk programme candidate; not a standalone biomarker claim
Decidua_vs_Villi_all_up	Decidua_vs_Villi_all	up_in_group_a	13	ENSG00000271147	ARMCX5-GPRASP2	0.807464180215222	1.65233983895813	Exploratory pseudobulk programme candidate; not a standalone biomarker claim
Decidua_vs_Villi_all_up	Decidua_vs_Villi_all	up_in_group_a	14	ENSG00000115841	RMDN2	1.16176530612261	1.64187933790853	Exploratory pseudobulk programme candidate; not a standalone biomarker claim
Decidua_vs_Villi_all_up	Decidua_vs_Villi_all	up_in_group_a	15	ENSG00000196605	ZNF846	0.956961067384448	1.62772157917062	Exploratory pseudobulk programme candidate; not a standalone biomarker claim
Decidua_vs_Villi_all_up	Decidua_vs_Villi_all	up_in_group_a	16	ENSG00000274897	PANO1	0.765731111342881	1.62427084990518	Exploratory pseudobulk programme candidate; not a standalone biomarker claim
Decidua_vs_Villi_all_up	Decidua_vs_Villi_all	up_in_group_a	17	ENSG00000224812	TMEM72-AS1	0.514786278762083	1.62389352346651	Exploratory pseudobulk programme candidate; not a standalone biomarker claim
Decidua_vs_Villi_all_up	Decidua_vs_Villi_all	up_in_group_a	18	ENSG00000240875	LINC00886	0.43222864484028	1.62357820769308	Exploratory pseudobulk programme candidate; not a standalone biomarker claim
Decidua_vs_Villi_all_up	Decidua_vs_Villi_all	up_in_group_a	19	ENSG00000102057	KCND1	0.259226619025615	1.62327857106427	Exploratory pseudobulk programme candidate; not a standalone biomarker claim
Decidua_vs_Villi_all_up	Decidua_vs_Villi_all	up_in_group_a	20	ENSG00000143155	TIPRL	0.365741050508454	1.62327104533261	Exploratory pseudobulk programme candidate; not a standalone biomarker claim
Decidua_vs_Villi_all_up	Decidua_vs_Villi_all	up_in_group_a	21	ENSG00000116396	KCNC4	1.27203112933745	1.62264118982726	Exploratory pseudobulk programme candidate; not a standalone biomarker claim
Decidua_vs_Villi_all_up	Decidua_vs_Villi_all	up_in_group_a	22	ENSG00000184811	TRARG1	0.101733578863152	1.61726478890352	Exploratory pseudobulk programme candidate; not a standalone biomarker claim
Decidua_vs_Villi_all_up	Decidua_vs_Villi_all	up_in_group_a	23	ENSG00000176473	WDR25	1.00937728083613	1.61667763708444	Exploratory pseudobulk programme candidate; not a standalone biomarker claim
Decidua_vs_Villi_all_up	Decidua_vs_Villi_all	up_in_group_a	24	ENSG00000129028	THAP10	0.606312425731481	1.6136902840326	Exploratory pseudobulk programme candidate; not a standalone biomarker claim
Decidua_vs_Villi_all_up	Decidua_vs_Villi_all	up_in_group_a	25	ENSG00000256628	ZBTB11-AS1	0.496265746963754	1.61189482377219	Exploratory pseudobulk programme candidate; not a standalone biomarker claim
Decidua_vs_Villi_all_up	Decidua_vs_Villi_all	up_in_group_a	26	ENSG00000197959	DNM3	0.590721495681281	1.61186769254462	Exploratory pseudobulk programme candidate; not a standalone biomarker claim
Decidua_vs_Villi_all_up	Decidua_vs_Villi_all	up_in_group_a	27	ENSG00000172500	FIBP	0.442388975195793	1.6089051338336	Exploratory pseudobulk programme candidate; not a standalone biomarker claim
Decidua_vs_Villi_all_up	Decidua_vs_Villi_all	up_in_group_a	28	ENSG00000119227	PIGZ	1.19259705674554	1.60845577657809	Exploratory pseudobulk programme candidate; not a standalone biomarker claim
Decidua_vs_Villi_all_up	Decidua_vs_Villi_all	up_in_group_a	29	ENSG00000182196	ARL6IP4	0.396385308035056	1.60812905263589	Exploratory pseudobulk programme candidate; not a standalone biomarker claim
Decidua_vs_Villi_all_up	Decidua_vs_Villi_all	up_in_group_a	30	ENSG00000250378	AC114296.1	0.138783581331788	1.60614497713343	Exploratory pseudobulk programme candidate; not a standalone biomarker claim
Decidua_vs_Villi_all_up	Decidua_vs_Villi_all	up_in_group_a	31	ENSG00000104976	SNAPC2	0.849358402597254	1.60367343878156	Exploratory pseudobulk programme candidate; not a standalone biomarker claim
Decidua_vs_Villi_all_up	Decidua_vs_Villi_all	up_in_group_a	32	ENSG00000137494	ANKRD42	1.03093900571765	1.60340603107217	Exploratory pseudobulk programme candidate; not a standalone biomarker claim
Decidua_vs_Villi_all_up	Decidua_vs_Villi_all	up_in_group_a	33	ENSG00000236914	LINC01852	0.570314975198856	1.60174132407889	Exploratory pseudobulk programme candidate; not a standalone biomarker claim
Decidua_vs_Villi_all_up	Decidua_vs_Villi_all	up_in_group_a	34	ENSG00000187792	ZNF70	0.69135862723674	1.60004686733994	Exploratory pseudobulk programme candidate; not a standalone biomarker claim
Decidua_vs_Villi_all_up	Decidua_vs_Villi_all	up_in_group_a	35	ENSG00000272695	GAS6-DT	0.637499274981863	1.59975037608012	Exploratory pseudobulk programme candidate; not a standalone biomarker claim
Decidua_vs_Villi_all_up	Decidua_vs_Villi_all	up_in_group_a	36	ENSG00000238160	AC116366.2	0.148064821306116	1.59913910820377	Exploratory pseudobulk programme candidate; not a standalone biomarker claim
Decidua_vs_Villi_all_up	Decidua_vs_Villi_all	up_in_group_a	37	ENSG00000171148	TADA3	0.770639141429509	1.59718740804435	Exploratory pseudobulk programme candidate; not a standalone biomarker claim
Decidua_vs_Villi_all_up	Decidua_vs_Villi_all	up_in_group_a	38	ENSG00000197162	ZNF785	1.09128211364128	1.59669474967302	Exploratory pseudobulk programme candidate; not a standalone biomarker claim
Decidua_vs_Villi_all_up	Decidua_vs_Villi_all	up_in_group_a	39	ENSG00000109917	ZPR1	0.577806120338577	1.59646580743045	Exploratory pseudobulk programme candidate; not a standalone biomarker claim
Decidua_vs_Villi_all_up	Decidua_vs_Villi_all	up_in_group_a	40	ENSG00000170049	KCNAB3	1.42965593793111	1.59578808866016	Exploratory pseudobulk programme candidate; not a standalone biomarker claim
Decidua_vs_Villi_all_up	Decidua_vs_Villi_all	up_in_group_a	41	ENSG00000271746	AL031848.2	0.247015663462295	1.59525983143323	Exploratory pseudobulk programme candidate; not a standalone biomarker claim
Decidua_vs_Villi_all_up	Decidua_vs_Villi_all	up_in_group_a	42	ENSG00000006837	CDKL3	0.556675747045104	1.59404868579331	Exploratory pseudobulk programme candidate; not a standalone biomarker claim
Decidua_vs_Villi_all_up	Decidua_vs_Villi_all	up_in_group_a	43	ENSG00000101911	PRPS2	1.97381193585659	1.59138915999024	Exploratory pseudobulk programme candidate; not a standalone biomarker claim
Decidua_vs_Villi_all_up	Decidua_vs_Villi_all	up_in_group_a	44	ENSG00000130511	SSBP4	0.991871776497292	1.59024638655155	Exploratory pseudobulk programme candidate; not a standalone biomarker claim
Decidua_vs_Villi_all_up	Decidua_vs_Villi_all	up_in_group_a	45	ENSG00000103266	STUB1	0.460576359803484	1.58977397600749	Exploratory pseudobulk programme candidate; not a standalone biomarker claim
Decidua_vs_Villi_all_up	Decidua_vs_Villi_all	up_in_group_a	46	ENSG00000122068	FYTTD1	0.795288903584626	1.5890089521703	Exploratory pseudobulk programme candidate; not a standalone biomarker claim
Decidua_vs_Villi_all_up	Decidua_vs_Villi_all	up_in_group_a	47	ENSG00000276278	AC048382.6	0.315778202494595	1.5888784448276	Exploratory pseudobulk programme candidate; not a standalone biomarker claim
Decidua_vs_Villi_all_up	Decidua_vs_Villi_all	up_in_group_a	48	ENSG00000271646	AC099343.3	0.951902979086596	1.58788125089443	Exploratory pseudobulk programme candidate; not a standalone biomarker claim
Decidua_vs_Villi_all_up	Decidua_vs_Villi_all	up_in_group_a	49	ENSG00000237489	C10orf143	1.19867693110946	1.58787435735731	Exploratory pseudobulk programme candidate; not a standalone biomarker claim
Decidua_vs_Villi_all_up	Decidua_vs_Villi_all	up_in_group_a	50	ENSG00000231955	AC007383.3	0.260918587250601	1.58656468616222	Exploratory pseudobulk programme candidate; not a standalone biomarker claim
Decidua_vs_Villi_all_down	Decidua_vs_Villi_all	down_in_group_a	1	ENSG00000259033	AL356804.1	-0.576665208070154	-1.71017951224021	Exploratory pseudobulk programme candidate; not a standalone biomarker claim
Decidua_vs_Villi_all_down	Decidua_vs_Villi_all	down_in_group_a	2	ENSG00000254554	AC080023.1	-0.0665651219914547	-1.63471397048768	Exploratory pseudobulk programme candidate; not a standalone biomarker claim
Decidua_vs_Villi_all_down	Decidua_vs_Villi_all	down_in_group_a	3	ENSG00000109458	GAB1	-1.02920024087596	-1.62832219937938	Exploratory pseudobulk programme candidate; not a standalone biomarker claim
Decidua_vs_Villi_all_down	Decidua_vs_Villi_all	down_in_group_a	4	ENSG00000137747	TMPRSS13	-1.33216684796137	-1.62233233295323	Exploratory pseudobulk programme candidate; not a standalone biomarker claim
Decidua_vs_Villi_all_down	Decidua_vs_Villi_all	down_in_group_a	5	ENSG00000152214	RIT2	-0.256601014435304	-1.62010780145418	Exploratory pseudobulk programme candidate; not a standalone biomarker claim
Decidua_vs_Villi_all_down	Decidua_vs_Villi_all	down_in_group_a	6	ENSG00000259469	AC084757.2	-0.0938799596806603	-1.61922289843446	Exploratory pseudobulk programme candidate; not a standalone biomarker claim
Decidua_vs_Villi_all_down	Decidua_vs_Villi_all	down_in_group_a	7	ENSG00000254539	AC239804.1	-0.0494300634662718	-1.61902035764121	Exploratory pseudobulk programme candidate; not a standalone biomarker claim
Decidua_vs_Villi_all_down	Decidua_vs_Villi_all	down_in_group_a	8	ENSG00000145681	HAPLN1	-2.20693252224518	-1.61737578324684	Exploratory pseudobulk programme candidate; not a standalone biomarker claim
Decidua_vs_Villi_all_down	Decidua_vs_Villi_all	down_in_group_a	9	ENSG00000131037	EPS8L1	-1.55532399674261	-1.61733709080685	Exploratory pseudobulk programme candidate; not a standalone biomarker claim
Decidua_vs_Villi_all_down	Decidua_vs_Villi_all	down_in_group_a	10	ENSG00000273553	AC016597.2	-0.016629937692581	-1.61071597575335	Exploratory pseudobulk programme candidate; not a standalone biomarker claim
Decidua_vs_Villi_all_down	Decidua_vs_Villi_all	down_in_group_a	11	ENSG00000124602	UNC5CL	-0.542360218763261	-1.60565196344772	Exploratory pseudobulk programme candidate; not a standalone biomarker claim
Decidua_vs_Villi_all_down	Decidua_vs_Villi_all	down_in_group_a	12	ENSG00000106049	HIBADH	-0.617112210153219	-1.60517993404969	Exploratory pseudobulk programme candidate; not a standalone biomarker claim
Decidua_vs_Villi_all_down	Decidua_vs_Villi_all	down_in_group_a	13	ENSG00000177707	NECTIN3	-0.786991650344191	-1.60320449072194	Exploratory pseudobulk programme candidate; not a standalone biomarker claim
Decidua_vs_Villi_all_down	Decidua_vs_Villi_all	down_in_group_a	14	ENSG00000154914	USP43	-2.23833660638948	-1.5987949282905	Exploratory pseudobulk programme candidate; not a standalone biomarker claim
Decidua_vs_Villi_all_down	Decidua_vs_Villi_all	down_in_group_a	15	ENSG00000234694	AL139289.2	-0.271832465714174	-1.59847796004562	Exploratory pseudobulk programme candidate; not a standalone biomarker claim
Decidua_vs_Villi_all_down	Decidua_vs_Villi_all	down_in_group_a	16	ENSG00000135631	RAB11FIP5	-1.26778539100378	-1.59737854217743	Exploratory pseudobulk programme candidate; not a standalone biomarker claim
Decidua_vs_Villi_all_down	Decidua_vs_Villi_all	down_in_group_a	17	ENSG00000173801	JUP	-1.72787916339184	-1.59306964749266	Exploratory pseudobulk programme candidate; not a standalone biomarker claim
Decidua_vs_Villi_all_down	Decidua_vs_Villi_all	down_in_group_a	18	ENSG00000124171	PARD6B	-1.42651159030743	-1.5916235261487	Exploratory pseudobulk programme candidate; not a standalone biomarker claim
Decidua_vs_Villi_all_down	Decidua_vs_Villi_all	down_in_group_a	19	ENSG00000204580	DDR1	-1.3868231850593	-1.58935977169014	Exploratory pseudobulk programme candidate; not a standalone biomarker claim
Decidua_vs_Villi_all_down	Decidua_vs_Villi_all	down_in_group_a	20	ENSG00000069020	MAST4	-1.96748394318326	-1.58806031256691	Exploratory pseudobulk programme candidate; not a standalone biomarker claim
Decidua_vs_Villi_all_down	Decidua_vs_Villi_all	down_in_group_a	21	ENSG00000280164	CU638689.5	-0.655965590258933	-1.5880077027534	Exploratory pseudobulk programme candidate; not a standalone biomarker claim
Decidua_vs_Villi_all_down	Decidua_vs_Villi_all	down_in_group_a	22	ENSG00000133466	C1QTNF6	-1.6738111702951	-1.58796421218234	Exploratory pseudobulk programme candidate; not a standalone biomarker claim
Decidua_vs_Villi_all_down	Decidua_vs_Villi_all	down_in_group_a	23	ENSG00000138463	SLC49A4	-1.51989110509055	-1.58557591767355	Exploratory pseudobulk programme candidate; not a standalone biomarker claim
Decidua_vs_Villi_all_down	Decidua_vs_Villi_all	down_in_group_a	24	ENSG00000186197	EDARADD	-2.03328540502791	-1.58400210935853	Exploratory pseudobulk programme candidate; not a standalone biomarker claim
Decidua_vs_Villi_all_down	Decidua_vs_Villi_all	down_in_group_a	25	ENSG00000014914	MTMR11	-0.820675190442764	-1.58236754318624	Exploratory pseudobulk programme candidate; not a standalone biomarker claim
Decidua_vs_Villi_all_down	Decidua_vs_Villi_all	down_in_group_a	26	ENSG00000213988	ZNF90	-2.05946531258743	-1.57924346185397	Exploratory pseudobulk programme candidate; not a standalone biomarker claim
Decidua_vs_Villi_all_down	Decidua_vs_Villi_all	down_in_group_a	27	ENSG00000254862	AC100771.2	-0.068415853256866	-1.57906101039863	Exploratory pseudobulk programme candidate; not a standalone biomarker claim
Decidua_vs_Villi_all_down	Decidua_vs_Villi_all	down_in_group_a	28	ENSG00000179776	CDH5	-1.99894092598318	-1.5787219465923	Exploratory pseudobulk programme candidate; not a standalone biomarker claim
Decidua_vs_Villi_all_down	Decidua_vs_Villi_all	down_in_group_a	29	ENSG00000130311	DDA1	-0.520698983462566	-1.57820798019669	Exploratory pseudobulk programme candidate; not a standalone biomarker claim
Decidua_vs_Villi_all_down	Decidua_vs_Villi_all	down_in_group_a	30	ENSG00000203809	LIN28B-AS1	-0.226234238323648	-1.57762650631621	Exploratory pseudobulk programme candidate; not a standalone biomarker claim
Decidua_vs_Villi_all_down	Decidua_vs_Villi_all	down_in_group_a	31	ENSG00000162105	SHANK2	-1.55533211424974	-1.57586985262201	Exploratory pseudobulk programme candidate; not a standalone biomarker claim
Decidua_vs_Villi_all_down	Decidua_vs_Villi_all	down_in_group_a	32	ENSG00000167393	PPP2R3B	-0.9062999765422	-1.57447983532198	Exploratory pseudobulk programme candidate; not a standalone biomarker claim
Decidua_vs_Villi_all_down	Decidua_vs_Villi_all	down_in_group_a	33	ENSG00000175832	ETV4	-2.27687288464902	-1.57371340768549	Exploratory pseudobulk programme candidate; not a standalone biomarker claim
Decidua_vs_Villi_all_down	Decidua_vs_Villi_all	down_in_group_a	34	ENSG00000185664	PMEL	-1.7619234592703	-1.57260947143448	Exploratory pseudobulk programme candidate; not a standalone biomarker claim
Decidua_vs_Villi_all_down	Decidua_vs_Villi_all	down_in_group_a	35	ENSG00000144648	ACKR2	-2.66005653685787	-1.57211751877433	Exploratory pseudobulk programme candidate; not a standalone biomarker claim
Decidua_vs_Villi_all_down	Decidua_vs_Villi_all	down_in_group_a	36	ENSG00000264364	DYNLL2	-1.13211605912839	-1.57205166754632	Exploratory pseudobulk programme candidate; not a standalone biomarker claim
Decidua_vs_Villi_all_down	Decidua_vs_Villi_all	down_in_group_a	37	ENSG00000253154	AC100801.1	-0.741015778357345	-1.57163526647467	Exploratory pseudobulk programme candidate; not a standalone biomarker claim
Decidua_vs_Villi_all_down	Decidua_vs_Villi_all	down_in_group_a	38	ENSG00000268119	AC010615.2	-2.04579011081722	-1.56985292926449	Exploratory pseudobulk programme candidate; not a standalone biomarker claim
Decidua_vs_Villi_all_down	Decidua_vs_Villi_all	down_in_group_a	39	ENSG00000205592	MUC19	-0.0842388113388661	-1.56881662658519	Exploratory pseudobulk programme candidate; not a standalone biomarker claim
Decidua_vs_Villi_all_down	Decidua_vs_Villi_all	down_in_group_a	40	ENSG00000178999	AURKB	-1.57720441567986	-1.56837936228808	Exploratory pseudobulk programme candidate; not a standalone biomarker claim
Decidua_vs_Villi_all_down	Decidua_vs_Villi_all	down_in_group_a	41	ENSG00000141738	GRB7	-1.63480421461518	-1.56785361024395	Exploratory pseudobulk programme candidate; not a standalone biomarker claim
Decidua_vs_Villi_all_down	Decidua_vs_Villi_all	down_in_group_a	42	ENSG00000068615	REEP1	-2.11817261126414	-1.56756621633094	Exploratory pseudobulk programme candidate; not a standalone biomarker claim
Decidua_vs_Villi_all_down	Decidua_vs_Villi_all	down_in_group_a	43	ENSG00000085465	OVGP1	-1.09157400584491	-1.56700165814064	Exploratory pseudobulk programme candidate; not a standalone biomarker claim
Decidua_vs_Villi_all_down	Decidua_vs_Villi_all	down_in_group_a	44	ENSG00000037280	FLT4	-2.03623277940928	-1.5669171230523	Exploratory pseudobulk programme candidate; not a standalone biomarker claim
Decidua_vs_Villi_all_down	Decidua_vs_Villi_all	down_in_group_a	45	ENSG00000283538	AC005972.3	-0.209788343769325	-1.56636535982916	Exploratory pseudobulk programme candidate; not a standalone biomarker claim
Decidua_vs_Villi_all_down	Decidua_vs_Villi_all	down_in_group_a	46	ENSG00000141449	GREB1L	-2.31158071502415	-1.56599624450782	Exploratory pseudobulk programme candidate; not a standalone biomarker claim
Decidua_vs_Villi_all_down	Decidua_vs_Villi_all	down_in_group_a	47	ENSG00000102898	NUTF2	-0.595726475121745	-1.5633366668638	Exploratory pseudobulk programme candidate; not a standalone biomarker claim
Decidua_vs_Villi_all_down	Decidua_vs_Villi_all	down_in_group_a	48	ENSG00000152463	OLAH	-1.55929663048924	-1.5628546028817	Exploratory pseudobulk programme candidate; not a standalone biomarker claim
Decidua_vs_Villi_all_down	Decidua_vs_Villi_all	down_in_group_a	49	ENSG00000153443	UBALD1	-0.295625111596853	-1.55906105578405	Exploratory pseudobulk programme candidate; not a standalone biomarker claim
Decidua_vs_Villi_all_down	Decidua_vs_Villi_all	down_in_group_a	50	ENSG00000142675	CNKSR1	-1.79868966615182	-1.5566108579645	Exploratory pseudobulk programme candidate; not a standalone biomarker claim
